recipient_name,wallet,hash,from_address,to_address,value,token_symbol,block_time,block_number,chainid
"Aave V3",0x464C71f6c2F760DdA6093dCB91C24c39e5d6e18c,0x3ab5334859cf47cf5f8b75be7815ed4733684600eae640efa300fab192984863,0x6a000f20005980200259b80c5102003040001068,0x464c71f6c2f760dda6093dcb91c24c39e5d6e18c,13,USDC,1779952451,25192277,1
"Aave V3",0x464C71f6c2F760DdA6093dCB91C24c39e5d6e18c,0x67bb090a0127d9e6d098c62570454a1aa03cdc9e468c95c03c913ecbd5c90afa,0x6a000f20005980200259b80c5102003040001068,0x464c71f6c2f760dda6093dcb91c24c39e5d6e18c,15,USDC,1779878615,25186147,1
"Aave V3",0x464C71f6c2F760DdA6093dCB91C24c39e5d6e18c,0xbf2c34c0eec3aa8c12b25c11fc475e33a198e81ff5a470155fa993d8034f28a7,0xbcca60bb61934080951369a648fb03df4f96263c,0x464c71f6c2f760dda6093dcb91c24c39e5d6e18c,13140000000,USDC,1779831023,25182194,1
"Aave V3",0x464C71f6c2F760DdA6093dCB91C24c39e5d6e18c,0xbf2c34c0eec3aa8c12b25c11fc475e33a198e81ff5a470155fa993d8034f28a7,0x98c23e9d8f34fefb1b7bd6a91b7ff122f4e16f5c,0x464c71f6c2f760dda6093dcb91c24c39e5d6e18c,1650000000000,USDC,1779831023,25182194,1
"Aave V3",0x464C71f6c2F760DdA6093dCB91C24c39e5d6e18c,0x1d7aebed98dea8a7e3d4a1cd7da2ece2b7055f4b6b064818023a5c2bc85cfa3f,0x98c23e9d8f34fefb1b7bd6a91b7ff122f4e16f5c,0x464c71f6c2f760dda6093dcb91c24c39e5d6e18c,1650000000000,USDC,1779816635,25181001,1
"Aave V3",0x464C71f6c2F760DdA6093dCB91C24c39e5d6e18c,0x36d64d3652b335e91eba59b5489847c6bc739b9ac3b23e1f39ac8532407228c7,0x6a000f20005980200259b80c5102003040001068,0x464c71f6c2f760dda6093dcb91c24c39e5d6e18c,11,USDC,1779630983,25165591,1
"Aave V3",0x464C71f6c2F760DdA6093dCB91C24c39e5d6e18c,0xa13f52fa667d045e392019d4e96e607be06899050ad3ca0d6ea0631c12a8186e,0xbcca60bb61934080951369a648fb03df4f96263c,0x464c71f6c2f760dda6093dcb91c24c39e5d6e18c,65004907917,USDC,1779476783,25152780,1
"Aave V3",0x464C71f6c2F760DdA6093dCB91C24c39e5d6e18c,0xe9a64866cc932b16dd71f1fa7b2ca26ea31de94c11954b99568cc76febca27be,0x6a000f20005980200259b80c5102003040001068,0x464c71f6c2f760dda6093dcb91c24c39e5d6e18c,12,USDC,1779196463,25129498,1
"Aave V3",0x464C71f6c2F760DdA6093dCB91C24c39e5d6e18c,0x47a44fba6451591ba7c9b55ee13fcc672d87062e04f2c7689d8a169900b62a32,0x22740deba78d5a0c24c58c740e3715ec29de1bfa,0x464c71f6c2f760dda6093dcb91c24c39e5d6e18c,3438000000000,USDC,1776442607,24900712,1
"Aave V3",0x464C71f6c2F760DdA6093dCB91C24c39e5d6e18c,0x6233d49994e05ea157b162210541d7c5c2b477042f5c1635ae368bf1411d6a5b,0x6a000f20005980200259b80c5102003040001068,0x464c71f6c2f760dda6093dcb91c24c39e5d6e18c,21189,USDC,1776431675,24899804,1
"Aave V3",0x464C71f6c2F760DdA6093dCB91C24c39e5d6e18c,0xb3aa96788871e47852b479ebeec8add2e20f68062629afe7723daa7121232ecb,0xcee284f754e854890e311e3280b767f80797180d,0x464c71f6c2f760dda6093dcb91c24c39e5d6e18c,35412511005,USDC,1776369887,24894666,1
"Aave V3",0x464C71f6c2F760DdA6093dCB91C24c39e5d6e18c,0x5b9fc8ad9230154da7c6da910695e4c011c85289c1e9c396259165d9516a9635,0x6a000f20005980200259b80c5102003040001068,0x464c71f6c2f760dda6093dcb91c24c39e5d6e18c,2491,USDC,1776365927,24894336,1
"Aave V3",0x464C71f6c2F760DdA6093dCB91C24c39e5d6e18c,0x86e5a32c6b16d7b699d8d3e35a65c9f42e080c6f493158254705896ee3063974,0x6a000f20005980200259b80c5102003040001068,0x464c71f6c2f760dda6093dcb91c24c39e5d6e18c,30275,USDC,1776335639,24891815,1
"Aave V3",0x464C71f6c2F760DdA6093dCB91C24c39e5d6e18c,0x0c6ce736bfe3f00451b9ad929a6f18156a76acade5e888da5e733def6ea01a69,0x6a000f20005980200259b80c5102003040001068,0x464c71f6c2f760dda6093dcb91c24c39e5d6e18c,6138,USDC,1776296435,24888564,1
"Aave V3",0x464C71f6c2F760DdA6093dCB91C24c39e5d6e18c,0x5b8f787461a4b3e0e0209c5e7506a356ce2b4bf08ed542170b743e15da7ffdc6,0x35bb522b102326ea3f1141661df4626c87000e3e,0x464c71f6c2f760dda6093dcb91c24c39e5d6e18c,30860,USDC,1776290255,24888052,1
"Aave V3",0x464C71f6c2F760DdA6093dCB91C24c39e5d6e18c,0xfde412b44cfee5d623879144f4251a778703836a745c004853ce72bb02f557fa,0x6a000f20005980200259b80c5102003040001068,0x464c71f6c2f760dda6093dcb91c24c39e5d6e18c,1548,USDC,1776287555,24887827,1
"Aave V3",0x464C71f6c2F760DdA6093dCB91C24c39e5d6e18c,0x7611c4c5dec88eb569c18794c441692f413f5c6cb45525e6c44bbcfece812a8e,0x6a000f20005980200259b80c5102003040001068,0x464c71f6c2f760dda6093dcb91c24c39e5d6e18c,24,USDC,1776281483,24887322,1
"Aave V3",0x464C71f6c2F760DdA6093dCB91C24c39e5d6e18c,0xcfe3c5538a0363ffc5e272b1a185b5a8ceb6c72b1cba6aa0d43abf947d25ab91,0x6a000f20005980200259b80c5102003040001068,0x464c71f6c2f760dda6093dcb91c24c39e5d6e18c,971752,USDC,1776271163,24886466,1
"Aave V3",0x464C71f6c2F760DdA6093dCB91C24c39e5d6e18c,0xed8f09b399b18afc668d6755ebbf95bf0f794177b697f8c2be8e1d00020ea210,0x6a000f20005980200259b80c5102003040001068,0x464c71f6c2f760dda6093dcb91c24c39e5d6e18c,219960,USDC,1776266471,24886077,1
"Aave V3",0x464C71f6c2F760DdA6093dCB91C24c39e5d6e18c,0x9305a14569388b10857359ca5b4a972a68b40946d1c4435c7b89489c9d8d4f35,0x6a000f20005980200259b80c5102003040001068,0x464c71f6c2f760dda6093dcb91c24c39e5d6e18c,80344,USDC,1776260531,24885583,1
"Aave V3",0x464C71f6c2F760DdA6093dCB91C24c39e5d6e18c,0x8f7484e1754b303ba9f6ca22786e19938bae3aaac6ca53feb8e603afa544ccaf,0x6a000f20005980200259b80c5102003040001068,0x464c71f6c2f760dda6093dcb91c24c39e5d6e18c,387707,USDC,1776260483,24885579,1
"Aave V3",0x464C71f6c2F760DdA6093dCB91C24c39e5d6e18c,0x08e792a9628e6e8560498c63d00df3954e2182c62dbfc23a2e8448125390acaa,0x6a000f20005980200259b80c5102003040001068,0x464c71f6c2f760dda6093dcb91c24c39e5d6e18c,38105,USDC,1776260411,24885573,1
"Aave V3",0x464C71f6c2F760DdA6093dCB91C24c39e5d6e18c,0x2ff107195eb4536a66b173bc6248084b1e07c08718d901a4ca2e8561ff5c6a1a,0x6a000f20005980200259b80c5102003040001068,0x464c71f6c2f760dda6093dcb91c24c39e5d6e18c,14418,USDC,1776254327,24885068,1
"Aave V3",0x464C71f6c2F760DdA6093dCB91C24c39e5d6e18c,0x40f121ff7592f4aa1281955b9e408bde8a05046606e185dfd60e59803ca137bc,0x6a000f20005980200259b80c5102003040001068,0x464c71f6c2f760dda6093dcb91c24c39e5d6e18c,1006,USDC,1776211619,24881516,1
"Aave V3",0x464C71f6c2F760DdA6093dCB91C24c39e5d6e18c,0x4d8916d732ea2a209abafe183f0e899a447244e02a99490f822cc02adc19d96d,0x6a000f20005980200259b80c5102003040001068,0x464c71f6c2f760dda6093dcb91c24c39e5d6e18c,7406,USDC,1776211559,24881511,1
"Aave V3",0x464C71f6c2F760DdA6093dCB91C24c39e5d6e18c,0x2a8896efd3ab38d0750f9ef0d731d63ab32cf1162e729ff34d9824c1123b27e0,0x6a000f20005980200259b80c5102003040001068,0x464c71f6c2f760dda6093dcb91c24c39e5d6e18c,1670247,USDC,1776192047,24879890,1
"Aave V3",0x464C71f6c2F760DdA6093dCB91C24c39e5d6e18c,0x3449da714e3df0d849d606ee8fa9ca012382a92fdbaa432402a3215b1ad27d0c,0x6a000f20005980200259b80c5102003040001068,0x464c71f6c2f760dda6093dcb91c24c39e5d6e18c,112727,USDC,1776186611,24879438,1
"Aave V3",0x464C71f6c2F760DdA6093dCB91C24c39e5d6e18c,0x2ba496164481f1d3188a30dd0407ab7127d62de67d4111b9b449edb179b7c2f9,0xbcca60bb61934080951369a648fb03df4f96263c,0x464c71f6c2f760dda6093dcb91c24c39e5d6e18c,31792638452,USDC,1775828099,24849656,1
"Aave V3",0x464C71f6c2F760DdA6093dCB91C24c39e5d6e18c,0xce2d4bcc5956c4d49332ad9a83d56f6d2a473cf2b6015509620ec73344f9fa12,0x0000000000000000000000000000000000000000,0x464c71f6c2f760dda6093dcb91c24c39e5d6e18c,1300000000000,USDC,1775798795,24847226,1
"Aave V3",0x464C71f6c2F760DdA6093dCB91C24c39e5d6e18c,0x5ab2ced6efef80b5ed3a32dce326bfdda3f2535b2680748052b510dcd4b100df,0x1c2ba5b8ab8e795ff44387ba6d251fa65ad20b36,0x464c71f6c2f760dda6093dcb91c24c39e5d6e18c,188866000000,USDC,1775578031,24828900,1
"Aave V3",0x464C71f6c2F760DdA6093dCB91C24c39e5d6e18c,0xffabffd4241b700ad02076a25a322c186acfc1e90da02c83eb0f6f29959906e1,0x1c2ba5b8ab8e795ff44387ba6d251fa65ad20b36,0x464c71f6c2f760dda6093dcb91c24c39e5d6e18c,0,USDC,1775577263,24828837,1
"Aave V3",0x464C71f6c2F760DdA6093dCB91C24c39e5d6e18c,0x83dbefdf6f3eaee9b89315aca478235fc83422453fbce04d276bf698af57d70c,0x98c23e9d8f34fefb1b7bd6a91b7ff122f4e16f5c,0x464c71f6c2f760dda6093dcb91c24c39e5d6e18c,1000000000000,USDC,1775510831,24823317,1
"Aave V3",0x464C71f6c2F760DdA6093dCB91C24c39e5d6e18c,0x3350c67771d9bd221c0d749c291faf5b9500f043b5ba1f85e1ef6c991cef3085,0x98c23e9d8f34fefb1b7bd6a91b7ff122f4e16f5c,0x464c71f6c2f760dda6093dcb91c24c39e5d6e18c,2000000000000,USDC,1774508531,24740114,1
"Aave V3",0x464C71f6c2F760DdA6093dCB91C24c39e5d6e18c,0xf71eaa3702300767274367bfe35e1e6216fcc9de9da6afd39b908cb4b623f4b9,0xbcca60bb61934080951369a648fb03df4f96263c,0x464c71f6c2f760dda6093dcb91c24c39e5d6e18c,19165761457,USDC,1774010339,24698765,1
"Aave V3",0x464C71f6c2F760DdA6093dCB91C24c39e5d6e18c,0xaba26b15687a486df85904eb086f1a468df72424dbd4cd1c22cc113973939f16,0x6a000f20005980200259b80c5102003040001068,0x464c71f6c2f760dda6093dcb91c24c39e5d6e18c,2484,USDC,1773865811,24686765,1
"Aave V3",0x464C71f6c2F760DdA6093dCB91C24c39e5d6e18c,0xe4a6148302499546b3912e94e8e44601e12833a69af115d164e56673698a3e46,0x6a000f20005980200259b80c5102003040001068,0x464c71f6c2f760dda6093dcb91c24c39e5d6e18c,47132695,USDC,1773860243,24686307,1
"Aave V3",0x464C71f6c2F760DdA6093dCB91C24c39e5d6e18c,0x554d5b718483d6342d973072aac07dfa491ba0ad15bf1631155a49f2aaa8ec1e,0x6a000f20005980200259b80c5102003040001068,0x464c71f6c2f760dda6093dcb91c24c39e5d6e18c,894460,USDC,1773856067,24685960,1
"Aave V3",0x464C71f6c2F760DdA6093dCB91C24c39e5d6e18c,0xac457e490bd628458cc6d5ed829121c6377f4f37f48d8d9d5728bda414e5af52,0x35bb522b102326ea3f1141661df4626c87000e3e,0x464c71f6c2f760dda6093dcb91c24c39e5d6e18c,779637,USDC,1773855851,24685942,1
"Aave V3",0x464C71f6c2F760DdA6093dCB91C24c39e5d6e18c,0x00b2957c2737c87be36196cc86b6bc6fc956f36aea284addd99f1d9ea7ad96ef,0xbcca60bb61934080951369a648fb03df4f96263c,0x464c71f6c2f760dda6093dcb91c24c39e5d6e18c,10991160765,USDC,1772928131,24609026,1
"Aave V3",0x464C71f6c2F760DdA6093dCB91C24c39e5d6e18c,0x24957e37a6bd32580644e1df3732e9d9f67c90f81a8b6bdfab85c98d8d26b112,0xbcca60bb61934080951369a648fb03df4f96263c,0x464c71f6c2f760dda6093dcb91c24c39e5d6e18c,7704717948,USDC,1772323271,24558873,1
"Aave V3",0x464C71f6c2F760DdA6093dCB91C24c39e5d6e18c,0xa7feb34a3682cda857d451c0206589d888a5a0b4ee2d6653de0dc9613fc11a6f,0x3dfd23a6c5e8bbcfc9581d2e864a68feb6a076d3,0x464c71f6c2f760dda6093dcb91c24c39e5d6e18c,63633,USDC,1772314079,24558111,1
"Aave V3",0x464C71f6c2F760DdA6093dCB91C24c39e5d6e18c,0xf8e5394517406c70e414ec00458099e150502dfb80eab7ac5a723b666d4e6a72,0xbcca60bb61934080951369a648fb03df4f96263c,0x464c71f6c2f760dda6093dcb91c24c39e5d6e18c,58705835583,USDC,1772221259,24550422,1
"Aave V3",0x464C71f6c2F760DdA6093dCB91C24c39e5d6e18c,0xd959c1f98c3ff580713038b71bc2761925d6b193dbe9521a42e19124fbfc592f,0x3dfd23a6c5e8bbcfc9581d2e864a68feb6a076d3,0x464c71f6c2f760dda6093dcb91c24c39e5d6e18c,0,USDC,1772150123,24544515,1
"Aave V3",0x464C71f6c2F760DdA6093dCB91C24c39e5d6e18c,0xd74e71eb0e0f3fd8044e77594af62c6752de73efe792efd1840b1271beb877d1,0x3dfd23a6c5e8bbcfc9581d2e864a68feb6a076d3,0x464c71f6c2f760dda6093dcb91c24c39e5d6e18c,1,USDC,1772149583,24544470,1
"Aave V3",0x464C71f6c2F760DdA6093dCB91C24c39e5d6e18c,0x1d027a2499463e0dbb4c4c7f7ed5f333a1b83692e2c6a6f216e7d82bed744ce6,0xbcca60bb61934080951369a648fb03df4f96263c,0x464c71f6c2f760dda6093dcb91c24c39e5d6e18c,20948767282,USDC,1769325659,24310294,1
"Aave V3",0x464C71f6c2F760DdA6093dCB91C24c39e5d6e18c,0xd1ca4a9cbecc31aa528bb2052f457fef099f862ddc0f023c82667af3e6a0a564,0xbed050c15224a53a12815fa79f2b1ef431887eb2,0x464c71f6c2f760dda6093dcb91c24c39e5d6e18c,1,USDC,1768543427,24245371,1
"Aave V3",0x464C71f6c2F760DdA6093dCB91C24c39e5d6e18c,0xd6138cf6df723b2d9db035845ba961cd86cff79c8c6681704a021e28c46a9602,0xbcca60bb61934080951369a648fb03df4f96263c,0x464c71f6c2f760dda6093dcb91c24c39e5d6e18c,156921788962,USDC,1768424951,24235536,1
"Aave V3",0x464C71f6c2F760DdA6093dCB91C24c39e5d6e18c,0x224d5deaca10bdeff43910b92931e26b736a42dd4484a9ab8c9ed30d765eb20e,0x98c23e9d8f34fefb1b7bd6a91b7ff122f4e16f5c,0x464c71f6c2f760dda6093dcb91c24c39e5d6e18c,926393000024,USDC,1768313207,24226283,1
"Aave V3",0x464C71f6c2F760DdA6093dCB91C24c39e5d6e18c,0x224d5deaca10bdeff43910b92931e26b736a42dd4484a9ab8c9ed30d765eb20e,0xb7d402138cb01bfe97d95181c849379d6ad14d19,0x464c71f6c2f760dda6093dcb91c24c39e5d6e18c,214285714284,USDC,1768313207,24226283,1
"Aave V3",0x464C71f6c2F760DdA6093dCB91C24c39e5d6e18c,0xc053f9d8801c9c58b69146edb4f4abb7646a3d451f137d5614d2b8c5f5e8c4f3,0x98c23e9d8f34fefb1b7bd6a91b7ff122f4e16f5c,0x464c71f6c2f760dda6093dcb91c24c39e5d6e18c,2000000000000,USDC,1767101591,24125769,1
"Aave V3",0x464C71f6c2F760DdA6093dCB91C24c39e5d6e18c,0x751f95a7b026c8cc3875cda8cd179fc37756a3c007b0f36bc643de31c910e3d7,0xb7d4dcf2abcf9baa7fba8cee1971a996ae404d19,0x464c71f6c2f760dda6093dcb91c24c39e5d6e18c,2990,USDC,1766480819,24074313,1
"Aave V3",0x464C71f6c2F760DdA6093dCB91C24c39e5d6e18c,0x31373e7f5637cc54ba9da249dd2779891f87d3e6939815f6c4921c36689182fa,0xb7d3b12247a0954cf49417b70d18d30df63a4d19,0x464c71f6c2f760dda6093dcb91c24c39e5d6e18c,299,USDC,1766480579,24074293,1
"Aave V3",0x464C71f6c2F760DdA6093dCB91C24c39e5d6e18c,0x4a8e021464ec4b696dc03731dc26e099b246ae23dc62a1e8ebdbb6d5bcae0e3d,0x98c23e9d8f34fefb1b7bd6a91b7ff122f4e16f5c,0x464c71f6c2f760dda6093dcb91c24c39e5d6e18c,3000000000000,USDC,1766480519,24074288,1
"Aave V3",0x464C71f6c2F760DdA6093dCB91C24c39e5d6e18c,0x404ddccd247ea3d367ebdf9cba58a0e4e0ff7a6bba553139cec934ed61ecea6d,0xd7852e139a7097e119623de0751ae53a61efb442,0x464c71f6c2f760dda6093dcb91c24c39e5d6e18c,207,USDC,1764785399,23934606,1
"Aave V3",0x464C71f6c2F760DdA6093dCB91C24c39e5d6e18c,0x7fe13e21d5bb38deba4acacd3e3f9953ba8640a25fca1b280cfe726c5dac09ff,0x6a000f20005980200259b80c5102003040001068,0x464c71f6c2f760dda6093dcb91c24c39e5d6e18c,4335598,USDC,1764783851,23934478,1
"Aave V3",0x464C71f6c2F760DdA6093dCB91C24c39e5d6e18c,0xdae4a12350812ea867869cb021563ea576330d931b879dc5869287b22709923b,0x6a000f20005980200259b80c5102003040001068,0x464c71f6c2f760dda6093dcb91c24c39e5d6e18c,272,USDC,1764781187,23934259,1
"Aave V3",0x464C71f6c2F760DdA6093dCB91C24c39e5d6e18c,0x794a234b7daa83fdf1d795600ec16034621296994ca9532f9c38e73f37726ebb,0x6a000f20005980200259b80c5102003040001068,0x464c71f6c2f760dda6093dcb91c24c39e5d6e18c,8361287,USDC,1764777071,23933921,1
"Aave V3",0x464C71f6c2F760DdA6093dCB91C24c39e5d6e18c,0x21a777dd02cd2a334f9c417b49b5c482e5587756cf6096204745dbda4e322b06,0x6a000f20005980200259b80c5102003040001068,0x464c71f6c2f760dda6093dcb91c24c39e5d6e18c,6102918,USDC,1764774611,23933719,1
"Aave V3",0x464C71f6c2F760DdA6093dCB91C24c39e5d6e18c,0x2d855452969a4969c2ceee95563e5be44cec6d98da55e737ffbc5da4d8a77652,0x6a000f20005980200259b80c5102003040001068,0x464c71f6c2f760dda6093dcb91c24c39e5d6e18c,633479,USDC,1764770471,23933379,1
"Aave V3",0x464C71f6c2F760DdA6093dCB91C24c39e5d6e18c,0x482e0be4f877c8f0c98442a95f497daed8a96bd60841be1a08ba0ccc74ad9473,0x6a000f20005980200259b80c5102003040001068,0x464c71f6c2f760dda6093dcb91c24c39e5d6e18c,193296,USDC,1764769955,23933336,1
"Aave V3",0x464C71f6c2F760DdA6093dCB91C24c39e5d6e18c,0x9716ff6556d1fcfbf51e6ad14c0753966d0cc50c6cd33930fbc10186357b63c2,0x6a000f20005980200259b80c5102003040001068,0x464c71f6c2f760dda6093dcb91c24c39e5d6e18c,93,USDC,1764757559,23932311,1
"Aave V3",0x464C71f6c2F760DdA6093dCB91C24c39e5d6e18c,0x3259341f2b5ae0bcc21be6c33c52c2f3a4e1f1a8e6f909dafc852becbffe06cd,0x6a000f20005980200259b80c5102003040001068,0x464c71f6c2f760dda6093dcb91c24c39e5d6e18c,20,USDC,1764756203,23932200,1
"Aave V3",0x464C71f6c2F760DdA6093dCB91C24c39e5d6e18c,0x766b74eb9f757eb00480d13d63b9434adcff157bf58e8fd0f8ec155a43799ce8,0x6a000f20005980200259b80c5102003040001068,0x464c71f6c2f760dda6093dcb91c24c39e5d6e18c,4011385,USDC,1764755063,23932105,1
"Aave V3",0x464C71f6c2F760DdA6093dCB91C24c39e5d6e18c,0x587418bcf281bdc8862c3b85c83429efa888f35b05e02b491982155eb578c1f4,0x6a000f20005980200259b80c5102003040001068,0x464c71f6c2f760dda6093dcb91c24c39e5d6e18c,3624838,USDC,1764740867,23930928,1
"Aave V3",0x464C71f6c2F760DdA6093dCB91C24c39e5d6e18c,0x52d8e10347b16689ebc6304326625e0c04e02715aecdbd9105ba5ea61c14b4a0,0xd7852e139a7097e119623de0751ae53a61efb442,0x464c71f6c2f760dda6093dcb91c24c39e5d6e18c,270718,USDC,1764728423,23929907,1
"Aave V3",0x464C71f6c2F760DdA6093dCB91C24c39e5d6e18c,0x045ac299c6f786c3688f5bd5e8c7b1150789210be76615b2deb2347e17686c96,0x6a000f20005980200259b80c5102003040001068,0x464c71f6c2f760dda6093dcb91c24c39e5d6e18c,310659,USDC,1764727235,23929808,1
"Aave V3",0x464C71f6c2F760DdA6093dCB91C24c39e5d6e18c,0xb31d78b7fb156230c8f74249ea2d53d725262bb8be0071c3b3cc71c4bb2ac98a,0xd7852e139a7097e119623de0751ae53a61efb442,0x464c71f6c2f760dda6093dcb91c24c39e5d6e18c,249092,USDC,1764702455,23927758,1
"Aave V3",0x464C71f6c2F760DdA6093dCB91C24c39e5d6e18c,0x59d8ffe15da952beadbc608de5d885fc9823832cf17e664fd1ce5cd91967485d,0x6a000f20005980200259b80c5102003040001068,0x464c71f6c2f760dda6093dcb91c24c39e5d6e18c,4267552,USDC,1764694727,23927120,1
"Aave V3",0x464C71f6c2F760DdA6093dCB91C24c39e5d6e18c,0x479c55b4a18e48f7deb2a2d3b44cecab18f57189d438dd8ae758665569b1e9d7,0x6a000f20005980200259b80c5102003040001068,0x464c71f6c2f760dda6093dcb91c24c39e5d6e18c,12676836,USDC,1764693803,23927044,1
"Aave V3",0x464C71f6c2F760DdA6093dCB91C24c39e5d6e18c,0x624e38253885551761451d91de27d1f43f11a56caa6503bd3ea78168ca050d52,0x6a000f20005980200259b80c5102003040001068,0x464c71f6c2f760dda6093dcb91c24c39e5d6e18c,8329,USDC,1764691019,23926813,1
"Aave V3",0x464C71f6c2F760DdA6093dCB91C24c39e5d6e18c,0xe350d409e36abbef1834a51a66b4e962378240a5708eb1d805a9aabcbb7831ae,0x6a000f20005980200259b80c5102003040001068,0x464c71f6c2f760dda6093dcb91c24c39e5d6e18c,1250510,USDC,1764690491,23926771,1
"Aave V3",0x464C71f6c2F760DdA6093dCB91C24c39e5d6e18c,0x09843c5053b5322dcf6d77143ee874f9a9e6f7b30210ef49353274471a6fc155,0xd7852e139a7097e119623de0751ae53a61efb442,0x464c71f6c2f760dda6093dcb91c24c39e5d6e18c,120790,USDC,1764689279,23926671,1
"Aave V3",0x464C71f6c2F760DdA6093dCB91C24c39e5d6e18c,0xe1fea51ad7592bbc404fa3d85027bc5aecf718db09c7724dcdf617a7034e559d,0x6a000f20005980200259b80c5102003040001068,0x464c71f6c2f760dda6093dcb91c24c39e5d6e18c,1898852,USDC,1764688763,23926628,1
"Aave V3",0x464C71f6c2F760DdA6093dCB91C24c39e5d6e18c,0x52ba09087d6aa2cf5aa5e86ad3c5120e2b97e20bf76b775e655095458f0b97d6,0x6a000f20005980200259b80c5102003040001068,0x464c71f6c2f760dda6093dcb91c24c39e5d6e18c,115639903,USDC,1764688739,23926626,1
"Aave V3",0x464C71f6c2F760DdA6093dCB91C24c39e5d6e18c,0xceac5bc01572fd237165a92d06acb23dd9fb76ef4a4836208be4cfcafc72ecf9,0xd7852e139a7097e119623de0751ae53a61efb442,0x464c71f6c2f760dda6093dcb91c24c39e5d6e18c,474280,USDC,1764688643,23926618,1
"Aave V3",0x464C71f6c2F760DdA6093dCB91C24c39e5d6e18c,0xa3fdbd2889d31c21722e4d1555e6e4069ac8d22d4215d5d3242fcf5d9097aa39,0x6a000f20005980200259b80c5102003040001068,0x464c71f6c2f760dda6093dcb91c24c39e5d6e18c,213570,USDC,1764685751,23926378,1
"Aave V3",0x464C71f6c2F760DdA6093dCB91C24c39e5d6e18c,0x9cc775b21eca88a516fae8ac6e6b602bdab64332ad9d713a87c8ce2b594270f1,0x6a000f20005980200259b80c5102003040001068,0x464c71f6c2f760dda6093dcb91c24c39e5d6e18c,1150830,USDC,1764683015,23926153,1
"Aave V3",0x464C71f6c2F760DdA6093dCB91C24c39e5d6e18c,0xf882f3f76f88b4b74ce1c20021bb5a07febae19be4de280f629df3181abb55e3,0x6a000f20005980200259b80c5102003040001068,0x464c71f6c2f760dda6093dcb91c24c39e5d6e18c,92,USDC,1764676295,23925597,1
"Aave V3",0x464C71f6c2F760DdA6093dCB91C24c39e5d6e18c,0x17a5d6fd1ceeacecca7143c9efe724c36d8b03910924e3151c58ee6835b0868a,0xd7852e139a7097e119623de0751ae53a61efb442,0x464c71f6c2f760dda6093dcb91c24c39e5d6e18c,88828,USDC,1764646487,23923132,1
"Aave V3",0x464C71f6c2F760DdA6093dCB91C24c39e5d6e18c,0x8cc69dd2744da4ddc1aa0f35cd4337bd6e6c6267a3e76019a8e29c6137c20103,0xd7852e139a7097e119623de0751ae53a61efb442,0x464c71f6c2f760dda6093dcb91c24c39e5d6e18c,132,USDC,1764634451,23922136,1
"Uniswap V3",0x1a9C8182C09F50C8318d769245beA52c32BE35BC,0x43c5531bef7cfb739f677109af8c7720c27bd1c1777eaca588b2cb826568eba8,0xcec2b239763b9673771410d5bb67214155f30e54,0x1a9c8182c09f50c8318d769245bea52c32be35bc,10000000,USDC,1746136931,22391847,1
"Uniswap V3",0x1a9C8182C09F50C8318d769245beA52c32BE35BC,0xd0c00e7dfc501d48720d3ae4c84e5a33d497ef8051ba9b4e270e63add0e7c314,0xcec2b239763b9673771410d5bb67214155f30e54,0x1a9c8182c09f50c8318d769245bea52c32be35bc,30000000,USDC,1733681231,21359460,1
"Uniswap V3",0x1a9C8182C09F50C8318d769245beA52c32BE35BC,0xc2caf91cad89cd5b92800ec64dad83b080bef2fd0c97c11ac520948f40ed69f6,0x0af93486dc7ca8047783c265f4e504151b3df5b6,0x1a9c8182c09f50c8318d769245bea52c32be35bc,95383008,USDC,1729020803,20973077,1
"Lido Finance",0x3e40D73EB977Dc6a537aF587D48316feE66E9C8c,0x25efb55a30d5ae3b7c4b32de9ce9c1df452cd2b751a04270aa6303d435109fa3,0x60661b731b0578ce9abfa1c0abaec5e3ce35d942,0x3e40d73eb977dc6a537af587d48316fee66e9c8c,250,USDC,1773529367,24658879,1
"Lido Finance",0x3e40D73EB977Dc6a537aF587D48316feE66E9C8c,0xe387b5f2310af90e748e09bc218fb901cccba191edc42e6f240c79503987b8b7,0x9008d19f58aabd9ed0d60971565aa8510560ab41,0x3e40d73eb977dc6a537af587d48316fee66e9c8c,862154830045,USDC,1773415499,24649427,1
"Lido Finance",0x3e40D73EB977Dc6a537aF587D48316feE66E9C8c,0x18e81f90dc37f9c375039455e340940d0707624e730ad8dbc6fb29d870fb32cb,0x9008d19f58aabd9ed0d60971565aa8510560ab41,0x3e40d73eb977dc6a537af587d48316fee66e9c8c,682063297789,USDC,1772102879,24540592,1
"Lido Finance",0x3e40D73EB977Dc6a537aF587D48316feE66E9C8c,0x242363df753da385474f43a1f4e489daecaafa668d3d32fa81e109bdb61b36da,0x606aae36e80ace36d94a6bad2a6bcea1d0c5d942,0x3e40d73eb977dc6a537af587d48316fee66e9c8c,2500,USDC,1765871531,24023795,1
"Lido Finance",0x3e40D73EB977Dc6a537aF587D48316feE66E9C8c,0x977c305d1ba80434085208b827272203e464aba9fa2c4af4deff46d118093b5a,0x388c818ca8b9251b393131c08a736a67ccb19297,0x3e40d73eb977dc6a537af587d48316fee66e9c8c,9,USDC,1764761171,23932609,1
"Lido Finance",0x3e40D73EB977Dc6a537aF587D48316feE66E9C8c,0x06158e38c18335d39338288ef51639de989750f3e2dc20f7f4bc42bb9e8d89a8,0x17f6b2c738a63a8d3a113a228cfd0b373244633d,0x3e40d73eb977dc6a537af587d48316fee66e9c8c,1497601,USDC,1755243119,23144960,1
"Lido Finance",0x3e40D73EB977Dc6a537aF587D48316feE66E9C8c,0x0d9cc5c105afaf49322a3e0b8c200be61f656d479b4f52c963505efa8f292161,0x9008d19f58aabd9ed0d60971565aa8510560ab41,0x3e40d73eb977dc6a537af587d48316fee66e9c8c,3582706347540,USDC,1754407043,23075705,1
"Lido Finance",0x3e40D73EB977Dc6a537aF587D48316feE66E9C8c,0x1c762e939a59eb54ee6676d87e01c8fd91bed4b6ae37194216b3438449aa6341,0x9008d19f58aabd9ed0d60971565aa8510560ab41,0x3e40d73eb977dc6a537af587d48316fee66e9c8c,854043771,USDC,1753465415,22997723,1
"Lido Finance",0x3e40D73EB977Dc6a537aF587D48316feE66E9C8c,0xe07e7283d6079efa6b073e65eacac7caf8e8c426fe8f913a732e7bdac94304dd,0x17f6b2c738a63a8d3a113a228cfd0b373244633d,0x3e40d73eb977dc6a537af587d48316fee66e9c8c,624420000000,USDC,1753464695,22997664,1
"Lido Finance",0x3e40D73EB977Dc6a537aF587D48316feE66E9C8c,0x1e2ef79d6969f22c839807ad4d7724b9a10d8120d891f1301b7c1c7c1a259b33,0xde06d17db9295fa8c4082d4f73ff81592a3ac437,0x3e40d73eb977dc6a537af587d48316fee66e9c8c,392021000000,USDC,1753084283,22966190,1
"Lido Finance",0x3e40D73EB977Dc6a537aF587D48316feE66E9C8c,0x3925410f4907faf350e06af504761d318c5b89788b50898aabef6b02ba027c55,0x9b1cebf7616f2bc73b47d226f90b01a7c9f86956,0x3e40d73eb977dc6a537af587d48316fee66e9c8c,466334000000,USDC,1752757403,22939097,1
"Lido Finance",0x3e40D73EB977Dc6a537aF587D48316feE66E9C8c,0xcc36514177d941d3749b78d86f9a6d28b27683aef94916550fa43729fdb8385d,0x9008d19f58aabd9ed0d60971565aa8510560ab41,0x3e40d73eb977dc6a537af587d48316fee66e9c8c,6812662794026,USDC,1752757163,22939077,1
"Lido Finance",0x3e40D73EB977Dc6a537aF587D48316feE66E9C8c,0x80ef6725f8bcc9fdc83c5ff9abde717af9c9043e4a1dbc3c88f91ff769299fd4,0x95b6cf7c84f808f76a53ca7f749aa94a3173ff3f,0x3e40d73eb977dc6a537af587d48316fee66e9c8c,2000,USDC,1750613855,22761514,1
"Lido Finance",0x3e40D73EB977Dc6a537aF587D48316feE66E9C8c,0x24a41e3e9348f7ef07f751a5fb32219ac977f0123f98b73e20c314caf559b15b,0x9008d19f58aabd9ed0d60971565aa8510560ab41,0x3e40d73eb977dc6a537af587d48316fee66e9c8c,2656787716242,USDC,1748526287,22588785,1
"Lido Finance",0x3e40D73EB977Dc6a537aF587D48316feE66E9C8c,0x9f6c847af19c6b772db9d6923eb4fbdb4afd91a12f58bfc8e80e3a305d6f8d09,0x9008d19f58aabd9ed0d60971565aa8510560ab41,0x3e40d73eb977dc6a537af587d48316fee66e9c8c,4406229101119,USDC,1747076735,22469156,1
"Lido Finance",0x3e40D73EB977Dc6a537aF587D48316feE66E9C8c,0xadb9c330d8cbf1c5d3865e00a8fe90a35806b2bf14355a9d7be248942b245f05,0x9008d19f58aabd9ed0d60971565aa8510560ab41,0x3e40d73eb977dc6a537af587d48316fee66e9c8c,1999999769142,USDC,1745908127,22372928,1
"Lido Finance",0x3e40D73EB977Dc6a537aF587D48316feE66E9C8c,0xb8aff47386c622612afa15374f60b5f606af81dd3c59b2f63ca6ef986b7011de,0x606f77bf3dd6ed9790d9771c7003f269a385d942,0x3e40d73eb977dc6a537af587d48316fee66e9c8c,51895000000,USDC,1745426495,22332962,1
"Lido Finance",0x3e40D73EB977Dc6a537aF587D48316feE66E9C8c,0xe8148e3635156d752927fa15076cd7b6bf5f3885ca4b051d0ba54a6fe7ed1938,0x9008d19f58aabd9ed0d60971565aa8510560ab41,0x3e40d73eb977dc6a537af587d48316fee66e9c8c,1368305331080,USDC,1740063263,21888292,1
"Lido Finance",0x3e40D73EB977Dc6a537aF587D48316feE66E9C8c,0x0954de4adc4bd08f740d8f7be3b4fbfa68893a50925f51f71c26268d0a2c8fc7,0x9008d19f58aabd9ed0d60971565aa8510560ab41,0x3e40d73eb977dc6a537af587d48316fee66e9c8c,749998961397,USDC,1740062507,21888230,1
"Lido Finance",0x3e40D73EB977Dc6a537aF587D48316feE66E9C8c,0xff377e4daf0a1e9638424f1403c3812697a5ae8b7aa244488c923767a1a5a5db,0x29b660052562516d626baadc655b6780ee952f11,0x3e40d73eb977dc6a537af587d48316fee66e9c8c,606799530000,USDC,1739267459,21822498,1
"Lido Finance",0x3e40D73EB977Dc6a537aF587D48316feE66E9C8c,0xfb6fda3f3d5043060a1e0138bcaa06f4deb48e9e1b61628770f0134a30ad7947,0x29b660052562516d626baadc655b6780ee952f11,0x3e40d73eb977dc6a537af587d48316fee66e9c8c,850401550000,USDC,1739267159,21822473,1
"Lido Finance",0x3e40D73EB977Dc6a537aF587D48316feE66E9C8c,0x6cae8e6ac91f82cbd9a7bf5189ffa701b755486a1dd666d65f92aaf85b7ee8b9,0x29b660052562516d626baadc655b6780ee952f11,0x3e40d73eb977dc6a537af587d48316fee66e9c8c,850611600000,USDC,1739266835,21822446,1
"Lido Finance",0x3e40D73EB977Dc6a537aF587D48316feE66E9C8c,0x79d6a6bd81100209ed9dbdd4ac62b64a84f756cdbafb66e3713bdafac666c57d,0x29b660052562516d626baadc655b6780ee952f11,0x3e40d73eb977dc6a537af587d48316fee66e9c8c,852502030000,USDC,1739266547,21822422,1
"Lido Finance",0x3e40D73EB977Dc6a537aF587D48316feE66E9C8c,0xbe29862fada0e254adac002498d206fa75b6d69ee55a067861266c4e8b82c090,0x29b660052562516d626baadc655b6780ee952f11,0x3e40d73eb977dc6a537af587d48316fee66e9c8c,199441680000,USDC,1739266175,21822393,1
"Lido Finance",0x3e40D73EB977Dc6a537aF587D48316feE66E9C8c,0x547f523e0262f7333a2d47cc73715f5aca0bffceb323ed71d02d574d52d50b6b,0x29b660052562516d626baadc655b6780ee952f11,0x3e40d73eb977dc6a537af587d48316fee66e9c8c,248000000,USDC,1738657907,21771961,1
"Lido Finance",0x3e40D73EB977Dc6a537aF587D48316feE66E9C8c,0x0b9fbe3c43c3a5c1a045c91a67e0cdd83a4bc05b505f235dcb8315e72f33c4d1,0x9008d19f58aabd9ed0d60971565aa8510560ab41,0x3e40d73eb977dc6a537af587d48316fee66e9c8c,3299204522108,USDC,1735572467,21516183,1
"Lido Finance",0x3e40D73EB977Dc6a537aF587D48316feE66E9C8c,0x8c3027a46325943357a0c03261157f5271fd4ccfe4bf291b21cf66fe52e83671,0x9008d19f58aabd9ed0d60971565aa8510560ab41,0x3e40d73eb977dc6a537af587d48316fee66e9c8c,2105368368774,USDC,1730897975,21128765,1
"Lido Finance",0x3e40D73EB977Dc6a537aF587D48316feE66E9C8c,0xffa08b610c4ff89fc962d65780439a5d2b882456a2f1093561db40718a73a030,0x9008d19f58aabd9ed0d60971565aa8510560ab41,0x3e40d73eb977dc6a537af587d48316fee66e9c8c,2001049471069,USDC,1730897807,21128751,1
"Lido Finance",0x3e40D73EB977Dc6a537aF587D48316feE66E9C8c,0x729386f08902efd32fb602b71ad13c6e3bd17e60e6781d6568a78994f4582da7,0x9008d19f58aabd9ed0d60971565aa8510560ab41,0x3e40d73eb977dc6a537af587d48316fee66e9c8c,2040806818841,USDC,1729500035,21012818,1
"Lido Finance",0x3e40D73EB977Dc6a537aF587D48316feE66E9C8c,0x50302913cb24db7cf8c8d135b373bf21a86ca6d86b83d5fc5099f1bd66a9d27c,0x9008d19f58aabd9ed0d60971565aa8510560ab41,0x3e40d73eb977dc6a537af587d48316fee66e9c8c,1176061995545,USDC,1727943071,20883709,1
"Lido Finance",0x3e40D73EB977Dc6a537aF587D48316feE66E9C8c,0xa879bdd7e92bc1025a9a66741d33c91762d0afe59eec84fbcfab95696eec9903,0x9008d19f58aabd9ed0d60971565aa8510560ab41,0x3e40d73eb977dc6a537af587d48316fee66e9c8c,3225588738995,USDC,1726562771,20769225,1
"Lido Finance",0x3e40D73EB977Dc6a537aF587D48316feE66E9C8c,0x940878851ba4d2269d1ade23496144688630e357d47abb42ccb90a0dc1f5e736,0x9008d19f58aabd9ed0d60971565aa8510560ab41,0x3e40d73eb977dc6a537af587d48316fee66e9c8c,3788991979902,USDC,1721403659,20341538,1
"Lido Finance",0x3e40D73EB977Dc6a537aF587D48316feE66E9C8c,0xba0c439f64dab3ea7fa247116b4e74656d831d7b71efed7a1499112c557f578b,0x9008d19f58aabd9ed0d60971565aa8510560ab41,0x3e40d73eb977dc6a537af587d48316fee66e9c8c,50990348816,USDC,1720196363,20241454,1
"Lido Finance",0x3e40D73EB977Dc6a537aF587D48316feE66E9C8c,0x81d2648dc2defabb5d9eb6913316a1b5eec970b3b96764cdf672ccdbb5b712b7,0x9008d19f58aabd9ed0d60971565aa8510560ab41,0x3e40d73eb977dc6a537af587d48316fee66e9c8c,9408442828,USDC,1714033007,19731132,1
"Lido Finance",0x3e40D73EB977Dc6a537aF587D48316feE66E9C8c,0x1e922b6ebfeef640bdcffdf8bd4e317616d6d92cf50e1d69db25e656a5ba6943,0xb9e5cbb9ca5b0d659238807e84d0176930753d86,0x3e40d73eb977dc6a537af587d48316fee66e9c8c,366437150,USDC,1608246706,11473586,1
"Curve DEX",0xD533a949740bb3306d119CC777fa900bA034cd52,0xac28430043feae0276af565b404ac09662d45ff1ca11215317b42c7b83966679,0xae1f27fb8c981246493481931a409d831fd2d0ea,0xd533a949740bb3306d119cc777fa900ba034cd52,100,USDC,1764392039,23902063,1
"Curve DEX",0xD533a949740bb3306d119CC777fa900bA034cd52,0x3fb4c038ddafcebcf8128ae3b223bcc4e41aff55e4e8e8b830149430a3331378,0xa9d1e08c7793af67e9d92fe308d5697fb81d3e43,0xd533a949740bb3306d119cc777fa900ba034cd52,10000000,USDC,1735830791,21537607,1
"Curve DEX",0xD533a949740bb3306d119CC777fa900bA034cd52,0x0106d9adc439c28d67ac602fd076490e5df9bd839d56573da28bf3cee72e2660,0xda7daf1a06323404016b0e43c9b5ea5c32f0cf42,0xd533a949740bb3306d119cc777fa900ba034cd52,5000000000,USDC,1623823984,12643838,1
"Curve DEX",0xD533a949740bb3306d119CC777fa900bA034cd52,0x68daa4a29137ac79997323517714b8d4819b799e4b97b0dea93bfc2871e2908d,0xa5e98590390d72055e8f03104d66fe5cdfd61b12,0xd533a949740bb3306d119cc777fa900ba034cd52,567682116,USDC,1608702667,11507983,1
"Curve DEX",0xD533a949740bb3306d119CC777fa900bA034cd52,0xfeecf760232780f8cf247054e322eba956fc29290930b72522960237206975b6,0x18bfe68b447f73b4f13cea0e2cacd56581105e22,0xd533a949740bb3306d119cc777fa900ba034cd52,1000000000,USDC,1598994881,10777665,1
"Curve DEX",0xD533a949740bb3306d119CC777fa900bA034cd52,0xb30a801ac09ed910e8fd5e2b5a6e565cdfbf21b3c6bb9f2222dcf23eb37f9b21,0x981cc2ef6b2f749759fed119afc20e81b790db8d,0xd533a949740bb3306d119cc777fa900ba034cd52,8000000000,USDC,1597907530,10695623,1
"Compound V3",0x6d903f6003cca6255D85CcA4D3B5E5146dC33925,0xc3f308d26406e9468cb90f43633f07d0f0e6624505ad7cea72f5ddc3c85f1b94,0x9faeabced4c29f030d40a83f1a7822624d67f904,0x6d903f6003cca6255d85cca4d3b5e5146dc33925,6667020000,USDC,1779802019,25179785,1
"Compound V3",0x6d903f6003cca6255D85CcA4D3B5E5146dC33925,0x78889b5a29638eb8bf0a27cd54e4d0f2272622fe05cfee13a41dc32a564c2f42,0x3322a976da4fac104f0b9feebd5b8dd54e98e5b8,0x6d903f6003cca6255d85cca4d3b5e5146dc33925,36262570000,USDC,1779282539,25136650,1
"Compound V3",0x6d903f6003cca6255D85CcA4D3B5E5146dC33925,0xbb64a31bc52f54722d44424df4df5dc5d0823805041ad8278a3d238247812ac0,0x39aa39c021dfbae8fac545936693ac917d5e7563,0x6d903f6003cca6255d85cca4d3b5e5146dc33925,5772174000000,USDC,1778388467,25062401,1
"Compound V3",0x6d903f6003cca6255D85CcA4D3B5E5146dC33925,0x768b221eeb02eefde486d46995338053f415911229da2e86c06ec5f632da039b,0xc3d688b66703497daa19211eedff47f25384cdc3,0x6d903f6003cca6255d85cca4d3b5e5146dc33925,419685416600,USDC,1772558975,24578426,1
"Compound V3",0x6d903f6003cca6255D85CcA4D3B5E5146dC33925,0x768b221eeb02eefde486d46995338053f415911229da2e86c06ec5f632da039b,0xc3d688b66703497daa19211eedff47f25384cdc3,0x6d903f6003cca6255d85cca4d3b5e5146dc33925,1788800000000,USDC,1772558975,24578426,1
"Compound V3",0x6d903f6003cca6255D85CcA4D3B5E5146dC33925,0xc21e86838c09406232c81da11a8d9d3b4bb26bc2d5ef7e70c2fec2cdce846975,0x39aa39c021dfbae8fac545936693ac917d5e7563,0x6d903f6003cca6255d85cca4d3b5e5146dc33925,5000000000000,USDC,1771511135,24491477,1
"Compound V3",0x6d903f6003cca6255D85CcA4D3B5E5146dC33925,0xc3b2e5da933b072fdafa3a2e95f54ca5d294e380db9e0bd98880c03032e1075d,0xcf09d2f947fe365622ad1d5a8713f22da338da2a,0x6d903f6003cca6255d85cca4d3b5e5146dc33925,100,USDC,1764389999,23901893,1
"Compound V3",0x6d903f6003cca6255D85CcA4D3B5E5146dC33925,0x59a407edb879466eef7b90d122ffd0388a0e1974a08141cc85f97b8ad715f546,0x39aa39c021dfbae8fac545936693ac917d5e7563,0x6d903f6003cca6255d85cca4d3b5e5146dc33925,10000000000000,USDC,1730120447,21064294,1
"Compound V3",0x6d903f6003cca6255D85CcA4D3B5E5146dC33925,0xbbbf497ed60925af7b010ee070f9ab4425a460115d69c4de4c4f4794fba0224b,0x39aa39c021dfbae8fac545936693ac917d5e7563,0x6d903f6003cca6255d85cca4d3b5e5146dc33925,79764360000,USDC,1652040451,14738112,1
"Compound V3",0x6d903f6003cca6255D85CcA4D3B5E5146dC33925,0x9571978c3e798edac1ee579cc36f3bc410db75d91c641775886759f422c37c56,0x71660c4005ba85c37ccec55d0c4493e66fe775d3,0x6d903f6003cca6255d85cca4d3b5e5146dc33925,1319371246359,USDC,1636322528,13571980,1
"Compound V3",0x6d903f6003cca6255D85CcA4D3B5E5146dC33925,0xcc11f5cb13cd8108d01166438c5c9d442b5769d82798b4d2f484f64db1dc05c9,0x503828976d22510aad0201ac7ec88293211d23da,0x6d903f6003cca6255d85cca4d3b5e5146dc33925,5000000,USDC,1636155632,13559599,1
"Compound V3",0x6d903f6003cca6255D85CcA4D3B5E5146dC33925,0x88c07d09327092bf912d7ce81846f75293d6d5d0d7e52d2f5f9eaaf23223b0e4,0x39aa39c021dfbae8fac545936693ac917d5e7563,0x6d903f6003cca6255d85cca4d3b5e5146dc33925,27000000000,USDC,1617104284,12140390,1
"Yearn Finance",0xFEB4acf3df3cDEA7399794D0869ef76A6EfAff52,0x4dd0f0f8c36ead2663f8b01decaecd8f7b77c3e6b934fc0eb8a9e6f005d4a799,0xbe53a109b494e5c9f97b9cd39fe969be68bf6204,0xfeb4acf3df3cdea7399794d0869ef76a6efaff52,1000000000000,USDC,1778941727,25108330,1
"Yearn Finance",0xFEB4acf3df3cDEA7399794D0869ef76A6EfAff52,0x30d61dd142a1e7bd606c48ee8e824973e8ca7fecf178dfc91717d0bcb8e24f07,0xbe53a109b494e5c9f97b9cd39fe969be68bf6204,0xfeb4acf3df3cdea7399794d0869ef76a6efaff52,4000000000,USDC,1778618315,25081479,1
"Yearn Finance",0xFEB4acf3df3cDEA7399794D0869ef76A6EfAff52,0xad7a3f40f84787e72857a0961100f95598b2d1b36a32464b08d654d520ca9e00,0x93a62da5a14c80f265dabc077fcee437b1a0efde,0xfeb4acf3df3cdea7399794d0869ef76a6efaff52,14406023239,USDC,1778480483,25070035,1
"Yearn Finance",0xFEB4acf3df3cDEA7399794D0869ef76A6EfAff52,0x7092ce1d9a3b7933b0a7c29bb4e20a7c9fa0db4d82b89648e813d1f6273d701f,0xbe53a109b494e5c9f97b9cd39fe969be68bf6204,0xfeb4acf3df3cdea7399794d0869ef76a6efaff52,2000000000,USDC,1774983587,24779537,1
"Yearn Finance",0xFEB4acf3df3cDEA7399794D0869ef76A6EfAff52,0x657ddc79be63b11b87cfc2b0e5742603b5e25d756c2d73fa94b791714f7e6e58,0x37305b1cd40574e4c5ce33f8e8306be057fd7341,0xfeb4acf3df3cdea7399794d0869ef76a6efaff52,1000000000000,USDC,1770485771,24406475,1
"Yearn Finance",0xFEB4acf3df3cDEA7399794D0869ef76A6EfAff52,0xd3c03dfe78f0bddebe79e022943e5b7b18c5d14fdf76487233c31270ca5b0974,0x93a62da5a14c80f265dabc077fcee437b1a0efde,0xfeb4acf3df3cdea7399794d0869ef76a6efaff52,22819500000,USDC,1769449931,24320614,1
"Yearn Finance",0xFEB4acf3df3cDEA7399794D0869ef76A6EfAff52,0xfa95e05d3cd9d432a3cfe81b52762d6861bc5245044ecd63bf457575fa075a65,0xa354f35829ae975e850e23e9615b11da1b3dc4de,0xfeb4acf3df3cdea7399794d0869ef76a6efaff52,1000000462,USDC,1769205407,24300313,1
"Yearn Finance",0xFEB4acf3df3cDEA7399794D0869ef76A6EfAff52,0xf944e5c236ac32f870222f80fe79e14adce754f4a9276c4c3b3c188cc6b7ceed,0xa354f35829ae975e850e23e9615b11da1b3dc4de,0xfeb4acf3df3cdea7399794d0869ef76a6efaff52,6012299897,USDC,1767678911,24173676,1
"Yearn Finance",0xFEB4acf3df3cDEA7399794D0869ef76A6EfAff52,0x1301365f410e2edb310959de5978934d2cb74cf7bffe38c08b0da6705bd43781,0x37305b1cd40574e4c5ce33f8e8306be057fd7341,0xfeb4acf3df3cdea7399794d0869ef76a6efaff52,11000000000,USDC,1765378019,23982997,1
"Yearn Finance",0xFEB4acf3df3cDEA7399794D0869ef76A6EfAff52,0x7483028c66f8848753537a7a19947461e62fb107c749d24d3b6a6f325c28a825,0xc39b6cf191f402697ba2f3bedf5faa9837038d42,0xfeb4acf3df3cdea7399794d0869ef76a6efaff52,100,USDC,1764392459,23902098,1
"Yearn Finance",0xFEB4acf3df3cDEA7399794D0869ef76A6EfAff52,0xd9871ed5f99fa3ebc05c5fee8fa7c52b179d0fb63307ff5d63297a19f52edb94,0x93a62da5a14c80f265dabc077fcee437b1a0efde,0xfeb4acf3df3cdea7399794d0869ef76a6efaff52,33939835463,USDC,1763150651,23799694,1
"Yearn Finance",0xFEB4acf3df3cDEA7399794D0869ef76A6EfAff52,0x8588268fc674d14fe02af6bf979045861f91fbdb7ad040d71f6bbe122da4465e,0x37305b1cd40574e4c5ce33f8e8306be057fd7341,0xfeb4acf3df3cdea7399794d0869ef76a6efaff52,14012621888,USDC,1760442947,23575781,1
"Yearn Finance",0xFEB4acf3df3cDEA7399794D0869ef76A6EfAff52,0x8588268fc674d14fe02af6bf979045861f91fbdb7ad040d71f6bbe122da4465e,0x93a62da5a14c80f265dabc077fcee437b1a0efde,0xfeb4acf3df3cdea7399794d0869ef76a6efaff52,8759470561,USDC,1760442947,23575781,1
"Yearn Finance",0xFEB4acf3df3cDEA7399794D0869ef76A6EfAff52,0xf896914c53dfad5b6409b48751dd0c3c0d09bad376b619dc99df47b36dabf3bf,0x37305b1cd40574e4c5ce33f8e8306be057fd7341,0xfeb4acf3df3cdea7399794d0869ef76a6efaff52,193786865507,USDC,1757507483,23332699,1
"Yearn Finance",0xFEB4acf3df3cDEA7399794D0869ef76A6EfAff52,0xf896914c53dfad5b6409b48751dd0c3c0d09bad376b619dc99df47b36dabf3bf,0x5f18c75abdae578b483e5f43f12a39cf75b973a9,0xfeb4acf3df3cdea7399794d0869ef76a6efaff52,1831655821,USDC,1757507483,23332699,1
"Yearn Finance",0xFEB4acf3df3cDEA7399794D0869ef76A6EfAff52,0x863d4e774b532c46146114c00ff0f4316318bc12010fd5983af0f0aa0db0fb18,0xbe53a109b494e5c9f97b9cd39fe969be68bf6204,0xfeb4acf3df3cdea7399794d0869ef76a6efaff52,4517312158,USDC,1756917647,23283840,1
"Yearn Finance",0xFEB4acf3df3cDEA7399794D0869ef76A6EfAff52,0x5524f8f348f506485bf7deca67e4d0321c6a321fe8b6c50107513d8f347f04bc,0xebac8fc8752a267a36ce683a867000f69fd0e73d,0xfeb4acf3df3cdea7399794d0869ef76a6efaff52,149170000,USDC,1756290923,23231897,1
"Yearn Finance",0xFEB4acf3df3cDEA7399794D0869ef76A6EfAff52,0xe5f54396a4f7dfb9bea4ec74c84471c76d9dc32f58dc37f8ec6968fcd48d8454,0x37305b1cd40574e4c5ce33f8e8306be057fd7341,0xfeb4acf3df3cdea7399794d0869ef76a6efaff52,212856716151,USDC,1754965199,23121938,1
"Yearn Finance",0xFEB4acf3df3cDEA7399794D0869ef76A6EfAff52,0xe5f54396a4f7dfb9bea4ec74c84471c76d9dc32f58dc37f8ec6968fcd48d8454,0x5f18c75abdae578b483e5f43f12a39cf75b973a9,0xfeb4acf3df3cdea7399794d0869ef76a6efaff52,24152430134,USDC,1754965199,23121938,1
"Yearn Finance",0xFEB4acf3df3cDEA7399794D0869ef76A6EfAff52,0xe5f54396a4f7dfb9bea4ec74c84471c76d9dc32f58dc37f8ec6968fcd48d8454,0x93a62da5a14c80f265dabc077fcee437b1a0efde,0xfeb4acf3df3cdea7399794d0869ef76a6efaff52,101563826375,USDC,1754965199,23121938,1
"Yearn Finance",0xFEB4acf3df3cDEA7399794D0869ef76A6EfAff52,0x55b4b01170362aacfdee65620f6bbe71d4d21bcfaf171ba87f1cc1fff14ff950,0x5f18c75abdae578b483e5f43f12a39cf75b973a9,0xfeb4acf3df3cdea7399794d0869ef76a6efaff52,43774066658,USDC,1752236051,22895867,1
"Yearn Finance",0xFEB4acf3df3cDEA7399794D0869ef76A6EfAff52,0x0b276867aa22d1c162c2700d35c500a124a6a953c7b24931a1d3efc63f7cd4ab,0xa354f35829ae975e850e23e9615b11da1b3dc4de,0xfeb4acf3df3cdea7399794d0869ef76a6efaff52,2420495000,USDC,1750725011,22770713,1
"Yearn Finance",0xFEB4acf3df3cDEA7399794D0869ef76A6EfAff52,0x0b276867aa22d1c162c2700d35c500a124a6a953c7b24931a1d3efc63f7cd4ab,0x93a62da5a14c80f265dabc077fcee437b1a0efde,0xfeb4acf3df3cdea7399794d0869ef76a6efaff52,16537041087,USDC,1750725011,22770713,1
"Yearn Finance",0xFEB4acf3df3cDEA7399794D0869ef76A6EfAff52,0xb637d3340ecd2687343ab6e86473f8fbb02cb71ac3bffed374d61ed2780f1813,0x93a62da5a14c80f265dabc077fcee437b1a0efde,0xfeb4acf3df3cdea7399794d0869ef76a6efaff52,20000000000,USDC,1748644787,22598589,1
"Yearn Finance",0xFEB4acf3df3cDEA7399794D0869ef76A6EfAff52,0x646ca735cf335809ffc9b6855af5a6ecea232778e8daa6f65cfeebdb9a90372e,0xa354f35829ae975e850e23e9615b11da1b3dc4de,0xfeb4acf3df3cdea7399794d0869ef76a6efaff52,26721850085,USDC,1748384075,22577035,1
"Yearn Finance",0xFEB4acf3df3cDEA7399794D0869ef76A6EfAff52,0x646ca735cf335809ffc9b6855af5a6ecea232778e8daa6f65cfeebdb9a90372e,0x93a62da5a14c80f265dabc077fcee437b1a0efde,0xfeb4acf3df3cdea7399794d0869ef76a6efaff52,272030630463,USDC,1748384075,22577035,1
"Yearn Finance",0xFEB4acf3df3cDEA7399794D0869ef76A6EfAff52,0x6e3b381544ebe9187bee7b4c68d72289f45de01918629f900d0f63b2681f3257,0xa354f35829ae975e850e23e9615b11da1b3dc4de,0xfeb4acf3df3cdea7399794d0869ef76a6efaff52,379205470925,USDC,1747366211,22492974,1
"Yearn Finance",0xFEB4acf3df3cDEA7399794D0869ef76A6EfAff52,0xf014dc4be2d3b3dad5a1e0e1196a8750683aa54d8d890015d0a7eccd0e41d9b6,0xa354f35829ae975e850e23e9615b11da1b3dc4de,0xfeb4acf3df3cdea7399794d0869ef76a6efaff52,198525668680,USDC,1746275651,22403284,1
"Yearn Finance",0xFEB4acf3df3cDEA7399794D0869ef76A6EfAff52,0xdea0955bd716bf439f1355712afbcee2e0abceb36c3ef47d8aeb27ed0dd1f798,0x93a62da5a14c80f265dabc077fcee437b1a0efde,0xfeb4acf3df3cdea7399794d0869ef76a6efaff52,30000000000,USDC,1744893071,22288731,1
"Yearn Finance",0xFEB4acf3df3cDEA7399794D0869ef76A6EfAff52,0xd35c30664f3241ea2ec3df1c70261086247025eb72c2bc919108dfef9b08a450,0xa354f35829ae975e850e23e9615b11da1b3dc4de,0xfeb4acf3df3cdea7399794d0869ef76a6efaff52,80972195101,USDC,1743024491,22133771,1
"Yearn Finance",0xFEB4acf3df3cDEA7399794D0869ef76A6EfAff52,0x26956f86b3f4e3ff9de2779fb73533f3e1f8ce058493eec312501d0e8053fe7a,0xa354f35829ae975e850e23e9615b11da1b3dc4de,0xfeb4acf3df3cdea7399794d0869ef76a6efaff52,153818476566,USDC,1741442243,22002604,1
"Yearn Finance",0xFEB4acf3df3cDEA7399794D0869ef76A6EfAff52,0xd55f6cedd7a08d91f99e8ceb384ffd0892f3dbee450879af33d54dda5bd18915,0xa354f35829ae975e850e23e9615b11da1b3dc4de,0xfeb4acf3df3cdea7399794d0869ef76a6efaff52,429046951510,USDC,1739505767,21842192,1
"Yearn Finance",0xFEB4acf3df3cDEA7399794D0869ef76A6EfAff52,0x831ad751e1be1dbb82cb9e1f5bf0e38e31327b8c58f6ad6b90bcfb396129bb11,0xa354f35829ae975e850e23e9615b11da1b3dc4de,0xfeb4acf3df3cdea7399794d0869ef76a6efaff52,198179560857,USDC,1738289555,21741452,1
"Yearn Finance",0xFEB4acf3df3cDEA7399794D0869ef76A6EfAff52,0xae7d281b8a093da60d39179452d230de2f1da4355df3aea629d969782708da5d,0xa354f35829ae975e850e23e9615b11da1b3dc4de,0xfeb4acf3df3cdea7399794d0869ef76a6efaff52,5755005970,USDC,1736955239,21630805,1
"Yearn Finance",0xFEB4acf3df3cDEA7399794D0869ef76A6EfAff52,0xd0fa31ccf6bf7577a533366955bb528d6d17c928bba1ff13ab273487a27d9602,0xa354f35829ae975e850e23e9615b11da1b3dc4de,0xfeb4acf3df3cdea7399794d0869ef76a6efaff52,15011898216,USDC,1736448827,21588835,1
"Yearn Finance",0xFEB4acf3df3cDEA7399794D0869ef76A6EfAff52,0x85d72c62a8a97a497b62d4895f46a0c90138a96d44f017b914b57a29002c4249,0xa354f35829ae975e850e23e9615b11da1b3dc4de,0xfeb4acf3df3cdea7399794d0869ef76a6efaff52,16765261903,USDC,1734459635,21424008,1
"Yearn Finance",0xFEB4acf3df3cDEA7399794D0869ef76A6EfAff52,0x3efe08a7dc37ad120d61eb52d7ffcec5e2699f62ee1bd9bd55ece3dfb7ec4441,0xa354f35829ae975e850e23e9615b11da1b3dc4de,0xfeb4acf3df3cdea7399794d0869ef76a6efaff52,73451602858,USDC,1733881295,21376052,1
"Yearn Finance",0xFEB4acf3df3cDEA7399794D0869ef76A6EfAff52,0xebe8d138728be8f0b7fdce7614a6be4c161f38bd2b63221b55071b6ddc52d280,0xa354f35829ae975e850e23e9615b11da1b3dc4de,0xfeb4acf3df3cdea7399794d0869ef76a6efaff52,114725776889,USDC,1733144927,21315025,1
"Yearn Finance",0xFEB4acf3df3cDEA7399794D0869ef76A6EfAff52,0x84eb39105927df622fd8055f26e08ea20c816e4d3df03a94eea02f0ec74460d2,0xa354f35829ae975e850e23e9615b11da1b3dc4de,0xfeb4acf3df3cdea7399794d0869ef76a6efaff52,948678372873,USDC,1731177335,21151923,1
"Yearn Finance",0xFEB4acf3df3cDEA7399794D0869ef76A6EfAff52,0xd7e7abe600aad4a3181a3a410bef2539389579d2ed28f3e75dbbf3a7d8613688,0x93a62da5a14c80f265dabc077fcee437b1a0efde,0xfeb4acf3df3cdea7399794d0869ef76a6efaff52,10020000000,USDC,1723063883,20479203,1
"Balancer V2",0x10A19e7eE7d7F8a52822f6817de8ea18204F2e4f,0x4e287534c25d43af3cee8c7b653b9cf31d204aa307fe0ba67faa9ac4cffa3362,0x7c68c42de679ffb0f16216154c996c354cf1161b,0x10a19e7ee7d7f8a52822f6817de8ea18204f2e4f,91556715042,USDC,1761317315,23648022,1
"Balancer V2",0x10A19e7eE7d7F8a52822f6817de8ea18204F2e4f,0xaa7a743a3f62fccadad42cc46538c6e160b7f0efbfa68758a5ed0eb3e4f9ca22,0x7c68c42de679ffb0f16216154c996c354cf1161b,0x10a19e7ee7d7f8a52822f6817de8ea18204f2e4f,98526377815,USDC,1760161091,23552444,1
"Balancer V2",0x10A19e7eE7d7F8a52822f6817de8ea18204F2e4f,0x4366503e17392786b8de9db4c9e8e59aaa5900df52f25d7af863b51c35944c27,0x7c68c42de679ffb0f16216154c996c354cf1161b,0x10a19e7ee7d7f8a52822f6817de8ea18204f2e4f,43307960257,USDC,1758894083,23447552,1
"Balancer V2",0x10A19e7eE7d7F8a52822f6817de8ea18204F2e4f,0xe465ac1681798494efe9249a74bfeb74349b55118ffa95d32fef0f8c994891cd,0x7c68c42de679ffb0f16216154c996c354cf1161b,0x10a19e7ee7d7f8a52822f6817de8ea18204f2e4f,40737416078,USDC,1757684411,23347343,1
"Balancer V2",0x10A19e7eE7d7F8a52822f6817de8ea18204F2e4f,0xce4eea46e0909c1705402ac8a22137a6c45841634ea6a9f5d2b0eaefa9861fff,0x7c68c42de679ffb0f16216154c996c354cf1161b,0x10a19e7ee7d7f8a52822f6817de8ea18204f2e4f,65217434730,USDC,1756474259,23247094,1
"Balancer V2",0x10A19e7eE7d7F8a52822f6817de8ea18204F2e4f,0x60465b70ff3048e0df1609f8359cca3af31d1953f3f4f68ee4aecd338d49b662,0x7c68c42de679ffb0f16216154c996c354cf1161b,0x10a19e7ee7d7f8a52822f6817de8ea18204f2e4f,54258458828,USDC,1755240671,23144757,1
"Balancer V2",0x10A19e7eE7d7F8a52822f6817de8ea18204F2e4f,0x4dfaa78ab01ebd9add1ef9eb34e881239ff499260a834e12d37e3aa33c504dea,0x7c68c42de679ffb0f16216154c996c354cf1161b,0x10a19e7ee7d7f8a52822f6817de8ea18204f2e4f,56214502442,USDC,1753991255,23041261,1
"Balancer V2",0x10A19e7eE7d7F8a52822f6817de8ea18204F2e4f,0x889de8f85b533e7b98c1025749841bc4fac0579a2a95aecfd3f4ec12054c0f7d,0x7c68c42de679ffb0f16216154c996c354cf1161b,0x10a19e7ee7d7f8a52822f6817de8ea18204f2e4f,39925913854,USDC,1752817271,22944060,1
"Balancer V2",0x10A19e7eE7d7F8a52822f6817de8ea18204F2e4f,0x2d0bffd22f38824c6700b093d0378969c252b3d3838af6bd30ee2247e947c7d7,0x9008d19f58aabd9ed0d60971565aa8510560ab41,0x10a19e7ee7d7f8a52822f6817de8ea18204f2e4f,207520725,USDC,1751552327,22839245,1
"Balancer V2",0x10A19e7eE7d7F8a52822f6817de8ea18204F2e4f,0x1e11924eccd64a39dbe4ca73497f93bf4b1f05c0ae97d8d94f9127c9ce945aa3,0x9008d19f58aabd9ed0d60971565aa8510560ab41,0x10a19e7ee7d7f8a52822f6817de8ea18204f2e4f,1249383288,USDC,1751552315,22839244,1
"Balancer V2",0x10A19e7eE7d7F8a52822f6817de8ea18204F2e4f,0x1e11924eccd64a39dbe4ca73497f93bf4b1f05c0ae97d8d94f9127c9ce945aa3,0x9008d19f58aabd9ed0d60971565aa8510560ab41,0x10a19e7ee7d7f8a52822f6817de8ea18204f2e4f,2242371231,USDC,1751552315,22839244,1
"Balancer V2",0x10A19e7eE7d7F8a52822f6817de8ea18204F2e4f,0xef4e82060127fd86a9044f04dd422927a72c1db241294e33ff000690d92a3c2d,0x7c68c42de679ffb0f16216154c996c354cf1161b,0x10a19e7ee7d7f8a52822f6817de8ea18204f2e4f,33802903982,USDC,1751551355,22839166,1
"Balancer V2",0x10A19e7eE7d7F8a52822f6817de8ea18204F2e4f,0xaac71a2e4fe23a2cdf9dfd41ac80525aca012d2a8ebf1892f1812a886fd3058d,0x7c68c42de679ffb0f16216154c996c354cf1161b,0x10a19e7ee7d7f8a52822f6817de8ea18204f2e4f,50256441775,USDC,1750369067,22741260,1
"Balancer V2",0x10A19e7eE7d7F8a52822f6817de8ea18204F2e4f,0x7b5b037537dc9a23d0c23ed44e0436c4f0641a39ca6a02f30f0a69527a703e27,0x7c68c42de679ffb0f16216154c996c354cf1161b,0x10a19e7ee7d7f8a52822f6817de8ea18204f2e4f,12267677737,USDC,1749234227,22647311,1
"Balancer V2",0x10A19e7eE7d7F8a52822f6817de8ea18204F2e4f,0x7b5b037537dc9a23d0c23ed44e0436c4f0641a39ca6a02f30f0a69527a703e27,0x7c68c42de679ffb0f16216154c996c354cf1161b,0x10a19e7ee7d7f8a52822f6817de8ea18204f2e4f,32015353342,USDC,1749234227,22647311,1
"Balancer V2",0x10A19e7eE7d7F8a52822f6817de8ea18204F2e4f,0x5c241105392769186ab9033c76e9bd00693a49a3a551231e41bb77334090d659,0x7c68c42de679ffb0f16216154c996c354cf1161b,0x10a19e7ee7d7f8a52822f6817de8ea18204f2e4f,13059573371,USDC,1748091875,22552882,1
"Balancer V2",0x10A19e7eE7d7F8a52822f6817de8ea18204F2e4f,0x5c241105392769186ab9033c76e9bd00693a49a3a551231e41bb77334090d659,0x7c68c42de679ffb0f16216154c996c354cf1161b,0x10a19e7ee7d7f8a52822f6817de8ea18204f2e4f,36247897025,USDC,1748091875,22552882,1
"Balancer V2",0x10A19e7eE7d7F8a52822f6817de8ea18204F2e4f,0x1fa36bc7800e7dde85e0bc4505cfad3e2131a9570a6f5c927845aca5fb6c5cd0,0x7c68c42de679ffb0f16216154c996c354cf1161b,0x10a19e7ee7d7f8a52822f6817de8ea18204f2e4f,10371391393,USDC,1746862727,22451558,1
"Balancer V2",0x10A19e7eE7d7F8a52822f6817de8ea18204F2e4f,0x1fa36bc7800e7dde85e0bc4505cfad3e2131a9570a6f5c927845aca5fb6c5cd0,0x7c68c42de679ffb0f16216154c996c354cf1161b,0x10a19e7ee7d7f8a52822f6817de8ea18204f2e4f,25092936611,USDC,1746862727,22451558,1
"Balancer V2",0x10A19e7eE7d7F8a52822f6817de8ea18204F2e4f,0x3594271e4f92ae502b4af879fcc35c95cce28684073deab78651f874642f37fc,0x7c68c42de679ffb0f16216154c996c354cf1161b,0x10a19e7ee7d7f8a52822f6817de8ea18204f2e4f,25192027672,USDC,1745636303,22350371,1
"Balancer V2",0x10A19e7eE7d7F8a52822f6817de8ea18204F2e4f,0x3594271e4f92ae502b4af879fcc35c95cce28684073deab78651f874642f37fc,0x7c68c42de679ffb0f16216154c996c354cf1161b,0x10a19e7ee7d7f8a52822f6817de8ea18204f2e4f,26265156969,USDC,1745636303,22350371,1
"Balancer V2",0x10A19e7eE7d7F8a52822f6817de8ea18204F2e4f,0xfe9b8e847e2b5b1cdf96d13b2519860d49b22e2b148f49484b4788a496a0a7e7,0x7c68c42de679ffb0f16216154c996c354cf1161b,0x10a19e7ee7d7f8a52822f6817de8ea18204f2e4f,30358151100,USDC,1744307963,22240177,1
"Balancer V2",0x10A19e7eE7d7F8a52822f6817de8ea18204F2e4f,0x86817d34fda748446b842beccea9fb8e45f4413656be955953fe59f7f0c002bc,0x166f54f44f271407f24aa1be415a730035637325,0x10a19e7ee7d7f8a52822f6817de8ea18204f2e4f,2000000000,USDC,1744141151,22226326,1
"Balancer V2",0x10A19e7eE7d7F8a52822f6817de8ea18204F2e4f,0xcf7d6f269698f2236c2e061546577ec472e7e25de0c656683ca0494e3924d766,0x7c68c42de679ffb0f16216154c996c354cf1161b,0x10a19e7ee7d7f8a52822f6817de8ea18204f2e4f,32599888800,USDC,1743091847,22139358,1
"Balancer V2",0x10A19e7eE7d7F8a52822f6817de8ea18204F2e4f,0xab06b675ebdd8c3adfb8361822ccdeaf3bb4dd7776c22b030038220ecc5ffb5d,0x7c68c42de679ffb0f16216154c996c354cf1161b,0x10a19e7ee7d7f8a52822f6817de8ea18204f2e4f,54445326200,USDC,1741960919,22045578,1
"Balancer V2",0x10A19e7eE7d7F8a52822f6817de8ea18204F2e4f,0x9c1829674d059b01123320e47b7f9ada72a2310912c72504e83f19e3225a0b0e,0x7c68c42de679ffb0f16216154c996c354cf1161b,0x10a19e7ee7d7f8a52822f6817de8ea18204f2e4f,58823249200,USDC,1740724787,21943108,1
"Balancer V2",0x10A19e7eE7d7F8a52822f6817de8ea18204F2e4f,0x05851d624828144fd03f4104f4e39d49bac180291123725b9300231c248ce9d6,0x7c68c42de679ffb0f16216154c996c354cf1161b,0x10a19e7ee7d7f8a52822f6817de8ea18204f2e4f,91965883700,USDC,1739500619,21841768,1
"Balancer V2",0x10A19e7eE7d7F8a52822f6817de8ea18204F2e4f,0x7e0e48bbf67bc2740db4dbd8ec9ce28329e390ecfe5eeefb24dbd8a9d3e89fd9,0x7c68c42de679ffb0f16216154c996c354cf1161b,0x10a19e7ee7d7f8a52822f6817de8ea18204f2e4f,92905088200,USDC,1738307027,21742896,1
"Balancer V2",0x10A19e7eE7d7F8a52822f6817de8ea18204F2e4f,0x675bda30679e19864d02274e8dcf11802c670173e26ec00666be37e0ab57dc3d,0x7c68c42de679ffb0f16216154c996c354cf1161b,0x10a19e7ee7d7f8a52822f6817de8ea18204f2e4f,70233000000,USDC,1737138119,21645971,1
"Balancer V2",0x10A19e7eE7d7F8a52822f6817de8ea18204F2e4f,0x2cca0ce9010cdb00e228f5d23edb50a09478eceb98ec2189c23a663c4f4b385e,0x9008d19f58aabd9ed0d60971565aa8510560ab41,0x10a19e7ee7d7f8a52822f6817de8ea18204f2e4f,4557286462,USDC,1737054899,21639071,1
"Balancer V2",0x10A19e7eE7d7F8a52822f6817de8ea18204F2e4f,0xf1d432c416da2605ed213840f4188184df9de047a65779ab7ebb3a96108c2cab,0x9008d19f58aabd9ed0d60971565aa8510560ab41,0x10a19e7ee7d7f8a52822f6817de8ea18204f2e4f,6317024511,USDC,1737054851,21639067,1
"Balancer V2",0x10A19e7eE7d7F8a52822f6817de8ea18204F2e4f,0x9ba86b310a82d1ef47edc3f4335bbd8ec81ceb0c067479d8c88afb4fe32ee339,0x3dcb7cfbb431a11cabb6f7f2296e2354f488efc2,0x10a19e7ee7d7f8a52822f6817de8ea18204f2e4f,125000000000,USDC,1736275223,21574444,1
"Balancer V2",0x10A19e7eE7d7F8a52822f6817de8ea18204F2e4f,0xf5a752531f7d1595954e7a51c1f5258a4829fe7ba2eb0ad6b6f92d1f57050064,0x7c68c42de679ffb0f16216154c996c354cf1161b,0x10a19e7ee7d7f8a52822f6817de8ea18204f2e4f,93804323100,USDC,1735973111,21549406,1
"Balancer V2",0x10A19e7eE7d7F8a52822f6817de8ea18204F2e4f,0x8faa9df80d374c4b3ea34c8d40d2394aee31196b3b266736ced49a43596f3c8d,0x7c68c42de679ffb0f16216154c996c354cf1161b,0x10a19e7ee7d7f8a52822f6817de8ea18204f2e4f,178271222300,USDC,1734674735,21441829,1
"Balancer V2",0x10A19e7eE7d7F8a52822f6817de8ea18204F2e4f,0x7960cd2a9e0117fcd11b45ff69cbad3235fd828def5a8bbe6187dd59557b7e20,0x7c68c42de679ffb0f16216154c996c354cf1161b,0x10a19e7ee7d7f8a52822f6817de8ea18204f2e4f,85427750100,USDC,1733464199,21341471,1
"Balancer V2",0x10A19e7eE7d7F8a52822f6817de8ea18204F2e4f,0x4e3fcfc04b9719f032b1e7c554d794ea223c51fdbdb17e2cdb07952c674f033e,0x7c68c42de679ffb0f16216154c996c354cf1161b,0x10a19e7ee7d7f8a52822f6817de8ea18204f2e4f,98281484200,USDC,1732337135,21248134,1
"Balancer V2",0x10A19e7eE7d7F8a52822f6817de8ea18204F2e4f,0xf9737fa525ada4da2ecf97e1df4a902668024a2ec432c6ad4a6410825f1a4a63,0x7c68c42de679ffb0f16216154c996c354cf1161b,0x10a19e7ee7d7f8a52822f6817de8ea18204f2e4f,48555221100,USDC,1730999807,21137203,1
"Balancer V2",0x10A19e7eE7d7F8a52822f6817de8ea18204F2e4f,0xd077349c1c8898c272bd45108218a6d40c2c68a8624172e2ada56b074f0f6567,0x7c68c42de679ffb0f16216154c996c354cf1161b,0x10a19e7ee7d7f8a52822f6817de8ea18204f2e4f,51168175100,USDC,1729862099,21042863,1
"Balancer V2",0x10A19e7eE7d7F8a52822f6817de8ea18204F2e4f,0xfc03bfa98caa93397e20ce9bf942b1a767a5d2a0955c8910339ea4c7aae9f34b,0x7c68c42de679ffb0f16216154c996c354cf1161b,0x10a19e7ee7d7f8a52822f6817de8ea18204f2e4f,49781593300,USDC,1728599339,20938205,1
"Balancer V2",0x10A19e7eE7d7F8a52822f6817de8ea18204F2e4f,0x23e99630f58bc4c9a5754f284c6e0468cdeb8cc904afe7a44491e61ca4a2cb7b,0x7c68c42de679ffb0f16216154c996c354cf1161b,0x10a19e7ee7d7f8a52822f6817de8ea18204f2e4f,44379803700,USDC,1727438819,20841855,1
"Balancer V2",0x10A19e7eE7d7F8a52822f6817de8ea18204F2e4f,0x2d368255396e45c6a0ddae5c8533e2554feae5c84d471641193b59932c16256d,0x7c68c42de679ffb0f16216154c996c354cf1161b,0x10a19e7ee7d7f8a52822f6817de8ea18204f2e4f,51553312900,USDC,1726232243,20741840,1
"Balancer V2",0x10A19e7eE7d7F8a52822f6817de8ea18204F2e4f,0x573dfed5b227e613075785a0542fd86fde998f9418f05504074f3d5b93901bb5,0x7c68c42de679ffb0f16216154c996c354cf1161b,0x10a19e7ee7d7f8a52822f6817de8ea18204f2e4f,59772715700,USDC,1724996603,20639377,1
"Balancer V2",0x10A19e7eE7d7F8a52822f6817de8ea18204F2e4f,0xe6be910a66cd0f541468625ff22121ab8c892b62af19f22334729b9687a0d86d,0xc38c5f97b34e175ffd35407fc91a937300e33860,0x10a19e7ee7d7f8a52822f6817de8ea18204f2e4f,23222445589,USDC,1724399855,20589956,1
"Balancer V2",0x10A19e7eE7d7F8a52822f6817de8ea18204F2e4f,0x5770eaba88b4df765346357da702040ed8687ea236da0cf583de5fa40ac01063,0x7c68c42de679ffb0f16216154c996c354cf1161b,0x10a19e7ee7d7f8a52822f6817de8ea18204f2e4f,75887067000,USDC,1723805231,20540689,1
"Balancer V2",0x10A19e7eE7d7F8a52822f6817de8ea18204F2e4f,0x9c868532e6e63caedadcfa045358ab198ccedb023409e6918a74d88449465de4,0x7c68c42de679ffb0f16216154c996c354cf1161b,0x10a19e7ee7d7f8a52822f6817de8ea18204f2e4f,50218328200,USDC,1722576899,20438807,1
"Balancer V2",0x10A19e7eE7d7F8a52822f6817de8ea18204F2e4f,0x1381528040b284d776577ed1a5dce0c2116eb6bd67da186443a4955639a5abaa,0x7c68c42de679ffb0f16216154c996c354cf1161b,0x10a19e7ee7d7f8a52822f6817de8ea18204f2e4f,59925757400,USDC,1721421575,20343024,1
"Balancer V2",0x10A19e7eE7d7F8a52822f6817de8ea18204F2e4f,0x4aa385412e3330994bc5891b20800bdba99cdcf16c899e2d8fe17facd9808494,0x7c68c42de679ffb0f16216154c996c354cf1161b,0x10a19e7ee7d7f8a52822f6817de8ea18204f2e4f,93779120700,USDC,1720181351,20240209,1
"Balancer V2",0x10A19e7eE7d7F8a52822f6817de8ea18204F2e4f,0x846c3ef2b5fff0878cdfe52aa5cb7e99c0d5b0d1af16cffd02c8320b7e29c859,0x7c68c42de679ffb0f16216154c996c354cf1161b,0x10a19e7ee7d7f8a52822f6817de8ea18204f2e4f,86662206700,USDC,1718984087,20141025,1
"Balancer V2",0x10A19e7eE7d7F8a52822f6817de8ea18204F2e4f,0x16aed919b90b152dedbc2a3871893cf88b13b31d24b73d05d768303a2fd795e8,0x7c68c42de679ffb0f16216154c996c354cf1161b,0x10a19e7ee7d7f8a52822f6817de8ea18204f2e4f,80191721300,USDC,1717821791,20044799,1
"Balancer V2",0x10A19e7eE7d7F8a52822f6817de8ea18204F2e4f,0x7643f66c8ff30c4c5db1455c1194f43eceb759e53b3f9d9978ad4f372211036d,0x7c68c42de679ffb0f16216154c996c354cf1161b,0x10a19e7ee7d7f8a52822f6817de8ea18204f2e4f,79362426600,USDC,1716572951,19941336,1
"Balancer V2",0x10A19e7eE7d7F8a52822f6817de8ea18204F2e4f,0x259e69d6be71100e9bae11883b3cd1478d28fe8d5b8df4dbf34d39beada6dc08,0x7c68c42de679ffb0f16216154c996c354cf1161b,0x10a19e7ee7d7f8a52822f6817de8ea18204f2e4f,76141234500,USDC,1715443091,19847831,1
"Balancer V2",0x10A19e7eE7d7F8a52822f6817de8ea18204F2e4f,0x467e3fb4bd27ed8107d831899d525c551d833bcb572586d2d8ad7fb3e8e24f92,0x7c68c42de679ffb0f16216154c996c354cf1161b,0x10a19e7ee7d7f8a52822f6817de8ea18204f2e4f,138777620000,USDC,1714116491,19738048,1
"Balancer V2",0x10A19e7eE7d7F8a52822f6817de8ea18204F2e4f,0x5c7f30e694594d579cad4108cdaf4d27ce9ca9992949859c28f90e706c6b93ec,0x7c68c42de679ffb0f16216154c996c354cf1161b,0x10a19e7ee7d7f8a52822f6817de8ea18204f2e4f,114509370000,USDC,1712960723,19642482,1
"Balancer V2",0x10A19e7eE7d7F8a52822f6817de8ea18204F2e4f,0xff4cc4e46037a58205ce546a3cfbf9502308309c3e70199e9f9cf0ae6974bedb,0xa5033a6bdb31e52ce6ba9c67bff7331ac2686e72,0x10a19e7ee7d7f8a52822f6817de8ea18204f2e4f,15738062492,USDC,1711983671,19561737,1
"Balancer V2",0x10A19e7eE7d7F8a52822f6817de8ea18204F2e4f,0xfb123a687c777015c8ddc0079bd87469967908e7deec05348167c96a88d5a247,0x7c68c42de679ffb0f16216154c996c354cf1161b,0x10a19e7ee7d7f8a52822f6817de8ea18204f2e4f,134517390000,USDC,1711693943,19537897,1
"Balancer V2",0x10A19e7eE7d7F8a52822f6817de8ea18204F2e4f,0xdf55200c844294c729487f588e16f65a6d9040d05f96536778341640045d0f6f,0xa5033a6bdb31e52ce6ba9c67bff7331ac2686e72,0x10a19e7ee7d7f8a52822f6817de8ea18204f2e4f,3533206901,USDC,1711393295,19513425,1
"Balancer V2",0x10A19e7eE7d7F8a52822f6817de8ea18204F2e4f,0x5a65f38d5cd7a8ed143ef252cc31df513ebdbb65bccc9caf7e2b45006f2071a9,0xa5033a6bdb31e52ce6ba9c67bff7331ac2686e72,0x10a19e7ee7d7f8a52822f6817de8ea18204f2e4f,7122269241,USDC,1711112459,19490326,1
"Balancer V2",0x10A19e7eE7d7F8a52822f6817de8ea18204F2e4f,0x1007f5feec89f0477c7732820f9d515f03836c5c9c92e2d2dd0acd671787432a,0xa5033a6bdb31e52ce6ba9c67bff7331ac2686e72,0x10a19e7ee7d7f8a52822f6817de8ea18204f2e4f,81195319280,USDC,1710680435,19454721,1
"Balancer V2",0x10A19e7eE7d7F8a52822f6817de8ea18204F2e4f,0xe4f7f58819101be2e1f01c172e1fe8491a3bdde81222ada61b82ba04f3e7e3ce,0x7c68c42de679ffb0f16216154c996c354cf1161b,0x10a19e7ee7d7f8a52822f6817de8ea18204f2e4f,130996000000,USDC,1710569327,19445589,1
"SushiSwap",0x19B3Eb3Af5D93b77a5619b047De0EED7115A19e7,0x7c7ff41d591fdfbd79309c7ed2de05c5a1c34b3236c06b5f04a5c38d27aaf5b8,0x1231deb6f5749ef6ce6943a275a1d3e7486f4eae,0x19b3eb3af5d93b77a5619b047de0eed7115a19e7,27552,USDC,1779958043,25192741,1
"SushiSwap",0x19B3Eb3Af5D93b77a5619b047De0EED7115A19e7,0xc4da10169558130bbcc178b538f2de43cf618ccc6331385ca5a9cc895539d5bb,0x1231deb6f5749ef6ce6943a275a1d3e7486f4eae,0x19b3eb3af5d93b77a5619b047de0eed7115a19e7,4200000,USDC,1779948443,25191943,1
"SushiSwap",0x19B3Eb3Af5D93b77a5619b047De0EED7115A19e7,0x3b24a50d5a0f924e4b0faa5ffd2860911f06f68b5a01b3c74db34a5f582f2781,0x1231deb6f5749ef6ce6943a275a1d3e7486f4eae,0x19b3eb3af5d93b77a5619b047de0eed7115a19e7,356286,USDC,1779940139,25191253,1
"SushiSwap",0x19B3Eb3Af5D93b77a5619b047De0EED7115A19e7,0x1c0aabf27259c6001d2f5cc588c92aba8852c47a62d4cab8ef54cd8e537aca6b,0x1231deb6f5749ef6ce6943a275a1d3e7486f4eae,0x19b3eb3af5d93b77a5619b047de0eed7115a19e7,98508,USDC,1779919463,25189538,1
"SushiSwap",0x19B3Eb3Af5D93b77a5619b047De0EED7115A19e7,0x55ee012d1a1b5b7854fef59e8ec03bd1ffcf5c04eead2297e44b50c5202f4f99,0x1231deb6f5749ef6ce6943a275a1d3e7486f4eae,0x19b3eb3af5d93b77a5619b047de0eed7115a19e7,2810,USDC,1779916127,25189261,1
"SushiSwap",0x19B3Eb3Af5D93b77a5619b047De0EED7115A19e7,0xa78963e907416f192a2ac4e7986d73fc19b6cf5b1ce16960135d1d19bfe9dedc,0x1231deb6f5749ef6ce6943a275a1d3e7486f4eae,0x19b3eb3af5d93b77a5619b047de0eed7115a19e7,840000,USDC,1779907019,25188503,1
"SushiSwap",0x19B3Eb3Af5D93b77a5619b047De0EED7115A19e7,0x0f6a9eb46bcda6585078bacfc47c67db40f83c1c497c25b542f6a93fd02affce,0x1231deb6f5749ef6ce6943a275a1d3e7486f4eae,0x19b3eb3af5d93b77a5619b047de0eed7115a19e7,143928,USDC,1779891575,25187224,1
"SushiSwap",0x19B3Eb3Af5D93b77a5619b047De0EED7115A19e7,0x0f2cfb376b7d9da3ec3007fa16b34071b1e3b7f7c11098ca406d538dd0eb6d48,0x1231deb6f5749ef6ce6943a275a1d3e7486f4eae,0x19b3eb3af5d93b77a5619b047de0eed7115a19e7,36400,USDC,1779886343,25186789,1
"SushiSwap",0x19B3Eb3Af5D93b77a5619b047De0EED7115A19e7,0x7ffd4a6f4fe3e033c6191ba08da2e6bb9802378cea0d4a5ff9b31dffcee9192b,0x1231deb6f5749ef6ce6943a275a1d3e7486f4eae,0x19b3eb3af5d93b77a5619b047de0eed7115a19e7,3440394,USDC,1779849203,25183708,1
"SushiSwap",0x19B3Eb3Af5D93b77a5619b047De0EED7115A19e7,0xdce1ed55833c03d907cf02c0e0074eefc43447f4ce503fc54e9f69d25d6faad8,0x1231deb6f5749ef6ce6943a275a1d3e7486f4eae,0x19b3eb3af5d93b77a5619b047de0eed7115a19e7,226760,USDC,1779830291,25182133,1
"SushiSwap",0x19B3Eb3Af5D93b77a5619b047De0EED7115A19e7,0x45db83523ea2a7e9acfd0b5cc4efba2595d1b8e208ce352d3cc7ffc3620716a4,0x1231deb6f5749ef6ce6943a275a1d3e7486f4eae,0x19b3eb3af5d93b77a5619b047de0eed7115a19e7,420000,USDC,1779803843,25179937,1
"SushiSwap",0x19B3Eb3Af5D93b77a5619b047De0EED7115A19e7,0xa4def779dbc94fad54451dd36ee1edd7e38133ebaa5f9804d5b03394afec6e01,0x1231deb6f5749ef6ce6943a275a1d3e7486f4eae,0x19b3eb3af5d93b77a5619b047de0eed7115a19e7,1554000,USDC,1779791663,25178924,1
"SushiSwap",0x19B3Eb3Af5D93b77a5619b047De0EED7115A19e7,0xe2eb703ce940edea07a5f6b2b378f3256d095a3f339b76446f30cf275647e092,0xdbeca8fb948c42634256609bce5a3768c9b3e9eb,0x19b3eb3af5d93b77a5619b047de0eed7115a19e7,10615998223,USDC,1779734651,25174190,1
"SushiSwap",0x19B3Eb3Af5D93b77a5619b047De0EED7115A19e7,0xe2eb703ce940edea07a5f6b2b378f3256d095a3f339b76446f30cf275647e092,0x5c2e112783a6854653b4bc7dc22248d3e592559c,0x19b3eb3af5d93b77a5619b047de0eed7115a19e7,2864959001,USDC,1779734651,25174190,1
"SushiSwap",0x19B3Eb3Af5D93b77a5619b047De0EED7115A19e7,0xe2eb703ce940edea07a5f6b2b378f3256d095a3f339b76446f30cf275647e092,0xde7259893af7cdbc9fd806c6ba61d22d581d5667,0x19b3eb3af5d93b77a5619b047de0eed7115a19e7,33418660823,USDC,1779734651,25174190,1
"SushiSwap",0x19B3Eb3Af5D93b77a5619b047De0EED7115A19e7,0x1b664dd9cf26126ca52a7b951ddc966ac1820a3ef5e6415b9ec81fe6ad14050e,0x1231deb6f5749ef6ce6943a275a1d3e7486f4eae,0x19b3eb3af5d93b77a5619b047de0eed7115a19e7,14000,USDC,1779733199,25174069,1
"SushiSwap",0x19B3Eb3Af5D93b77a5619b047De0EED7115A19e7,0x0c14683b8819bef536e26d1553cf39bd85dcf12a13522886d40be0e3a89361a9,0x1231deb6f5749ef6ce6943a275a1d3e7486f4eae,0x19b3eb3af5d93b77a5619b047de0eed7115a19e7,1400000,USDC,1779724463,25173344,1
"SushiSwap",0x19B3Eb3Af5D93b77a5619b047De0EED7115A19e7,0xbdeb000a39a724ca0cb0cfba844bbbb6aa366ee7ca172ce5326f741af0490bc9,0x1231deb6f5749ef6ce6943a275a1d3e7486f4eae,0x19b3eb3af5d93b77a5619b047de0eed7115a19e7,1400965,USDC,1779716435,25172681,1
"SushiSwap",0x19B3Eb3Af5D93b77a5619b047De0EED7115A19e7,0xb8603b464fbd2af38eb2f9a8ff1f7172f7970297e6ddc23ae03f63e760a87b38,0x1231deb6f5749ef6ce6943a275a1d3e7486f4eae,0x19b3eb3af5d93b77a5619b047de0eed7115a19e7,119688,USDC,1779712787,25172378,1
"SushiSwap",0x19B3Eb3Af5D93b77a5619b047De0EED7115A19e7,0x367dde29980c52f514f8a9929a73d77afe1b67fe44e476b4945a0901b9aa6b04,0x1231deb6f5749ef6ce6943a275a1d3e7486f4eae,0x19b3eb3af5d93b77a5619b047de0eed7115a19e7,56000,USDC,1779708707,25172039,1
"SushiSwap",0x19B3Eb3Af5D93b77a5619b047De0EED7115A19e7,0x3387baeae6b26b27ee4c86b3c0f45f9a43ac1c0edbe8539bfd0e87e7b9ff43de,0x1231deb6f5749ef6ce6943a275a1d3e7486f4eae,0x19b3eb3af5d93b77a5619b047de0eed7115a19e7,6690434,USDC,1779706715,25171873,1
"SushiSwap",0x19B3Eb3Af5D93b77a5619b047De0EED7115A19e7,0x310d5dae5c56eb48bbfc3b38c7b68245894a6274d6713d275d9f7dbe69daa66f,0x1231deb6f5749ef6ce6943a275a1d3e7486f4eae,0x19b3eb3af5d93b77a5619b047de0eed7115a19e7,3920000,USDC,1779705659,25171785,1
"SushiSwap",0x19B3Eb3Af5D93b77a5619b047De0EED7115A19e7,0x3a671fda32fe778612a22bf96bac22919569c0b11015d5a019f3f64ecf9f366c,0x1231deb6f5749ef6ce6943a275a1d3e7486f4eae,0x19b3eb3af5d93b77a5619b047de0eed7115a19e7,11200,USDC,1779705431,25171766,1
"SushiSwap",0x19B3Eb3Af5D93b77a5619b047De0EED7115A19e7,0x21570eeb3a7651520016d0c0d4d069172569a4d7bfb77dc98445f633cbbd08a4,0x1231deb6f5749ef6ce6943a275a1d3e7486f4eae,0x19b3eb3af5d93b77a5619b047de0eed7115a19e7,28000,USDC,1779705131,25171741,1
"SushiSwap",0x19B3Eb3Af5D93b77a5619b047De0EED7115A19e7,0x2b15bde4df3a3a57c0af4dadef668057d28f877bd40b1d010aa3ddc9e4b83563,0x1231deb6f5749ef6ce6943a275a1d3e7486f4eae,0x19b3eb3af5d93b77a5619b047de0eed7115a19e7,1834000,USDC,1779661715,25168139,1
"SushiSwap",0x19B3Eb3Af5D93b77a5619b047De0EED7115A19e7,0x54445f2b1f8df33d0cba52495368f1dc4749adef0e3bf6d890cba81d0c3e618b,0x1231deb6f5749ef6ce6943a275a1d3e7486f4eae,0x19b3eb3af5d93b77a5619b047de0eed7115a19e7,80915,USDC,1779659879,25167987,1
"SushiSwap",0x19B3Eb3Af5D93b77a5619b047De0EED7115A19e7,0xc986d37557574bcc39170f8d80b44d60433479abddaabe2bebe064ef17564c8d,0x1231deb6f5749ef6ce6943a275a1d3e7486f4eae,0x19b3eb3af5d93b77a5619b047de0eed7115a19e7,11200,USDC,1779653423,25167450,1
"SushiSwap",0x19B3Eb3Af5D93b77a5619b047De0EED7115A19e7,0x6b16314ef72a78eb944f9f6dd7dd0d7df404f59704d8c00050179b3d01448525,0x1231deb6f5749ef6ce6943a275a1d3e7486f4eae,0x19b3eb3af5d93b77a5619b047de0eed7115a19e7,1008000,USDC,1779643211,25166604,1
"SushiSwap",0x19B3Eb3Af5D93b77a5619b047De0EED7115A19e7,0xdc2ff3c90c10fbf413745bff70e70379b3990a0bc6671ce793ba771b7ca71916,0x1231deb6f5749ef6ce6943a275a1d3e7486f4eae,0x19b3eb3af5d93b77a5619b047de0eed7115a19e7,1540000,USDC,1779617915,25164503,1
"SushiSwap",0x19B3Eb3Af5D93b77a5619b047De0EED7115A19e7,0x08579be999ba505f04777c970ab11f78b6d1b454d6fa58b08c36741252cdc265,0x1231deb6f5749ef6ce6943a275a1d3e7486f4eae,0x19b3eb3af5d93b77a5619b047de0eed7115a19e7,896000,USDC,1779547871,25158687,1
"SushiSwap",0x19B3Eb3Af5D93b77a5619b047De0EED7115A19e7,0x99d3a58b92136e1a96a61d9b22c29dc0bc744c739156910d0635a1b86287b956,0x1231deb6f5749ef6ce6943a275a1d3e7486f4eae,0x19b3eb3af5d93b77a5619b047de0eed7115a19e7,5619600,USDC,1779543911,25158359,1
"SushiSwap",0x19B3Eb3Af5D93b77a5619b047De0EED7115A19e7,0x664033061ac2345ce96cee69f9a40bc58960980bf744d5d4a4d4ab19f3995dcd,0xe85c9297d1f55bec2b31cd33b9b3aa66fd0fa186,0x19b3eb3af5d93b77a5619b047de0eed7115a19e7,113443157085,USDC,1779305615,25138568,1
"SushiSwap",0x19B3Eb3Af5D93b77a5619b047De0EED7115A19e7,0xee9a0f3e534c3c30b1b65fd70c7322f111151d1a3daa01250eeb8a2133bd79e4,0xcf8ce57fa442ba50acbc57147a62ad03873ffa73,0x19b3eb3af5d93b77a5619b047de0eed7115a19e7,7241311157,USDC,1779037475,25116284,1
"SushiSwap",0x19B3Eb3Af5D93b77a5619b047De0EED7115A19e7,0xeacb316668870e01661d403b2d33e50b9f4c0e6eefaf42a0eac0a9d362702961,0x7c01aa3783577e15fd7e272443d44b92d5b21056,0x19b3eb3af5d93b77a5619b047de0eed7115a19e7,9839707002,USDC,1778866271,25102059,1
"SushiSwap",0x19B3Eb3Af5D93b77a5619b047De0EED7115A19e7,0x6c8fbc441cc5a54e65f9eabd5d0d98a6fafb36cd6cf2696e657b032eb7eda390,0x55c9a6af4791cf3688c237409a027b9f9c30ce94,0x19b3eb3af5d93b77a5619b047de0eed7115a19e7,150,USDC,1778260067,25051737,1
"SushiSwap",0x19B3Eb3Af5D93b77a5619b047De0EED7115A19e7,0x03941903ae8344e470d543b9e6117b0a1ed077c384560500876fcfeb3a0c7d55,0xdbeca8fb948c42634256609bce5a3768c9b3e9eb,0x19b3eb3af5d93b77a5619b047de0eed7115a19e7,2350559704,USDC,1778258483,25051605,1
"SushiSwap",0x19B3Eb3Af5D93b77a5619b047De0EED7115A19e7,0x03941903ae8344e470d543b9e6117b0a1ed077c384560500876fcfeb3a0c7d55,0x5c2e112783a6854653b4bc7dc22248d3e592559c,0x19b3eb3af5d93b77a5619b047de0eed7115a19e7,767422502,USDC,1778258483,25051605,1
"SushiSwap",0x19B3Eb3Af5D93b77a5619b047De0EED7115A19e7,0x03941903ae8344e470d543b9e6117b0a1ed077c384560500876fcfeb3a0c7d55,0xde7259893af7cdbc9fd806c6ba61d22d581d5667,0x19b3eb3af5d93b77a5619b047de0eed7115a19e7,9455868712,USDC,1778258483,25051605,1
"SushiSwap",0x19B3Eb3Af5D93b77a5619b047De0EED7115A19e7,0xda87c2b758093fc1de5b81ffa3b585f657c76293c8a098b478e47b41bef297a4,0xdbeca8fb948c42634256609bce5a3768c9b3e9eb,0x19b3eb3af5d93b77a5619b047de0eed7115a19e7,18886185161,USDC,1777683683,25003852,1
"SushiSwap",0x19B3Eb3Af5D93b77a5619b047De0EED7115A19e7,0xda87c2b758093fc1de5b81ffa3b585f657c76293c8a098b478e47b41bef297a4,0x5c2e112783a6854653b4bc7dc22248d3e592559c,0x19b3eb3af5d93b77a5619b047de0eed7115a19e7,26148597970,USDC,1777683683,25003852,1
"SushiSwap",0x19B3Eb3Af5D93b77a5619b047De0EED7115A19e7,0xda87c2b758093fc1de5b81ffa3b585f657c76293c8a098b478e47b41bef297a4,0xde7259893af7cdbc9fd806c6ba61d22d581d5667,0x19b3eb3af5d93b77a5619b047de0eed7115a19e7,69943917899,USDC,1777683683,25003852,1
"SushiSwap",0x19B3Eb3Af5D93b77a5619b047De0EED7115A19e7,0x0b0746834f5ecd108f7977ea9cd185b6669af0df180dbe8769cdfb92063d08f6,0xa2fbc91d19a719e8ebbb87f63d2ce08d128d8e2d,0x19b3eb3af5d93b77a5619b047de0eed7115a19e7,870,USDC,1777567967,24994242,1
"SushiSwap",0x19B3Eb3Af5D93b77a5619b047De0EED7115A19e7,0xe6913087802407ee7c19a7802e3e1bc5feaf5c554d476b707e8b1407f0526b9b,0x038feb2e2fde2c5b4b7b980b5782bdd8ed717a1a,0x19b3eb3af5d93b77a5619b047de0eed7115a19e7,250,USDC,1776965435,24944151,1
"SushiSwap",0x19B3Eb3Af5D93b77a5619b047De0EED7115A19e7,0xec203aa3fffd52310d65daf503babbf8fbd8f16853ef2811b88fd4ea0d756f52,0x7311c436dfc6f10a2747b99e39b18f0552c8b63e,0x19b3eb3af5d93b77a5619b047de0eed7115a19e7,700,USDC,1776186695,24879445,1
"SushiSwap",0x19B3Eb3Af5D93b77a5619b047De0EED7115A19e7,0x2195feea504202f764ae7e8fb5b66eca3696aa27144c25afceb7e4322eb52007,0xbe1a903821bea6c85304c130355b94ff0ae9faa4,0x19b3eb3af5d93b77a5619b047de0eed7115a19e7,100,USDC,1776186671,24879443,1
"SushiSwap",0x19B3Eb3Af5D93b77a5619b047De0EED7115A19e7,0x30073eaf7e54a4e453d2b6aa5e9d1a1ca161355e0342c31419006232bc0cf752,0xdbeca8fb948c42634256609bce5a3768c9b3e9eb,0x19b3eb3af5d93b77a5619b047de0eed7115a19e7,17609099646,USDC,1776186551,24879433,1
"SushiSwap",0x19B3Eb3Af5D93b77a5619b047De0EED7115A19e7,0x30073eaf7e54a4e453d2b6aa5e9d1a1ca161355e0342c31419006232bc0cf752,0x5c2e112783a6854653b4bc7dc22248d3e592559c,0x19b3eb3af5d93b77a5619b047de0eed7115a19e7,567383783,USDC,1776186551,24879433,1
"SushiSwap",0x19B3Eb3Af5D93b77a5619b047De0EED7115A19e7,0x30073eaf7e54a4e453d2b6aa5e9d1a1ca161355e0342c31419006232bc0cf752,0xde7259893af7cdbc9fd806c6ba61d22d581d5667,0x19b3eb3af5d93b77a5619b047de0eed7115a19e7,17712141676,USDC,1776186551,24879433,1
"SushiSwap",0x19B3Eb3Af5D93b77a5619b047De0EED7115A19e7,0x80905826b5dc18ef426e0b13e2f803354225d171e130c78fcd02c6cf4a1d22b6,0x13b585bfd18f987fe4c70ce2a419572f7be7c0ab,0x19b3eb3af5d93b77a5619b047de0eed7115a19e7,150,USDC,1775240507,24800863,1
"SushiSwap",0x19B3Eb3Af5D93b77a5619b047De0EED7115A19e7,0xe2f01b64222e6e6d867fb892887e482ed88f04047d17dfc53b35fd9b254803a2,0x73c7171942196c528e8a96778b18eea1f0cb2fcb,0x19b3eb3af5d93b77a5619b047de0eed7115a19e7,150,USDC,1775240147,24800833,1
"SushiSwap",0x19B3Eb3Af5D93b77a5619b047De0EED7115A19e7,0x8070e5e002ffcbca55b955fbc24e589a15a0ded2d327ab95e5a3ea8db1cac09d,0xff03b033e39bb43769086065bd1ebba56538be08,0x19b3eb3af5d93b77a5619b047de0eed7115a19e7,217,USDC,1774681499,24754457,1
"SushiSwap",0x19B3Eb3Af5D93b77a5619b047De0EED7115A19e7,0xee7a21f9b45e461721c3d747603dd40fe95765a5fdb23f2bbabe86a6b5171ba4,0xafbefcce73634bd97a6f80bb8c11aa1037fc000e,0x19b3eb3af5d93b77a5619b047de0eed7115a19e7,500,USDC,1774490159,24738587,1
"SushiSwap",0x19B3Eb3Af5D93b77a5619b047De0EED7115A19e7,0xc3d0d395eb9fa69d01daaf8f6b8da33ff5d644346c784e33f4bb785f2db80b29,0xfa28a24aeadcb7d095cdd0144f3c9ad08e20f7e1,0x19b3eb3af5d93b77a5619b047de0eed7115a19e7,750,USDC,1774435019,24734015,1
"SushiSwap",0x19B3Eb3Af5D93b77a5619b047De0EED7115A19e7,0x551a491e9b4a36f608c7c117975f4e020b15ec27f8279a2dbd5d848b663a06fb,0x3dcb345cce10cd4c4c4a9b679c72c21a1b79efc2,0x19b3eb3af5d93b77a5619b047de0eed7115a19e7,280,USDC,1774363259,24728055,1
"SushiSwap",0x19B3Eb3Af5D93b77a5619b047De0EED7115A19e7,0xe418c5bcd72f0cabd84d67071575b5632b2e7e526458214eecbeaba1df37036c,0x12ee25e86e71db1a00d0dd245401fab28be1a4b9,0x19b3eb3af5d93b77a5619b047de0eed7115a19e7,300,USDC,1774319603,24724424,1
"SushiSwap",0x19B3Eb3Af5D93b77a5619b047De0EED7115A19e7,0xc8edaad16726318489e8e32de4625238153adf4c531867d8f4f6d517d59c5053,0x3dcb345cce10cd4c4c4a9b679c72c21a1b79efc2,0x19b3eb3af5d93b77a5619b047de0eed7115a19e7,106,USDC,1774171271,24712119,1
"SushiSwap",0x19B3Eb3Af5D93b77a5619b047De0EED7115A19e7,0x4b2f6f64f474415982e8d476bd74485299cc2fc4ba805d5c08ff24e147472866,0xbaf15fa46cf557c24eb822200eaeae17c94fe122,0x19b3eb3af5d93b77a5619b047de0eed7115a19e7,100,USDC,1774064039,24703218,1
"SushiSwap",0x19B3Eb3Af5D93b77a5619b047De0EED7115A19e7,0x4b2f6f64f474415982e8d476bd74485299cc2fc4ba805d5c08ff24e147472866,0x80a24b107fa764eb1b6cc831f87f3a1c26596666,0x19b3eb3af5d93b77a5619b047de0eed7115a19e7,100,USDC,1774064039,24703218,1
"SushiSwap",0x19B3Eb3Af5D93b77a5619b047De0EED7115A19e7,0xd95aa898b9aec3c958423e809092024f6c40880ea4e285ad7b5b685a4e40cc36,0x711961ba193a708cd196fafac9a44cb8c9479e18,0x19b3eb3af5d93b77a5619b047de0eed7115a19e7,100,USDC,1774062083,24703056,1
"SushiSwap",0x19B3Eb3Af5D93b77a5619b047De0EED7115A19e7,0xb4ddff44a8bcabc01a74d9d62786262634387af95a4884924a303d8b1f64fbcf,0x225853da611d2cd7c950cb03c5e4de90271dd8c2,0x19b3eb3af5d93b77a5619b047de0eed7115a19e7,100,USDC,1774061231,24702985,1
"SushiSwap",0x19B3Eb3Af5D93b77a5619b047De0EED7115A19e7,0x1ea8a57823a4e4676dccbe90905545e8f97aa29bc626dc659dac1a41948e4da0,0xdbeca8fb948c42634256609bce5a3768c9b3e9eb,0x19b3eb3af5d93b77a5619b047de0eed7115a19e7,10050420323,USDC,1774034423,24700766,1
"SushiSwap",0x19B3Eb3Af5D93b77a5619b047De0EED7115A19e7,0x1ea8a57823a4e4676dccbe90905545e8f97aa29bc626dc659dac1a41948e4da0,0x5c2e112783a6854653b4bc7dc22248d3e592559c,0x19b3eb3af5d93b77a5619b047de0eed7115a19e7,325100694,USDC,1774034423,24700766,1
"SushiSwap",0x19B3Eb3Af5D93b77a5619b047De0EED7115A19e7,0x1ea8a57823a4e4676dccbe90905545e8f97aa29bc626dc659dac1a41948e4da0,0xde7259893af7cdbc9fd806c6ba61d22d581d5667,0x19b3eb3af5d93b77a5619b047de0eed7115a19e7,11369109203,USDC,1774034423,24700766,1
"SushiSwap",0x19B3Eb3Af5D93b77a5619b047De0EED7115A19e7,0xa89151b9ad63059bc4abae564d44aed2fcb8206293bfed3abfdcee0b92711d86,0xdbeca8fb948c42634256609bce5a3768c9b3e9eb,0x19b3eb3af5d93b77a5619b047de0eed7115a19e7,14552286167,USDC,1773258983,24636453,1
"SushiSwap",0x19B3Eb3Af5D93b77a5619b047De0EED7115A19e7,0xa89151b9ad63059bc4abae564d44aed2fcb8206293bfed3abfdcee0b92711d86,0x5c2e112783a6854653b4bc7dc22248d3e592559c,0x19b3eb3af5d93b77a5619b047de0eed7115a19e7,696597168,USDC,1773258983,24636453,1
"SushiSwap",0x19B3Eb3Af5D93b77a5619b047De0EED7115A19e7,0xa89151b9ad63059bc4abae564d44aed2fcb8206293bfed3abfdcee0b92711d86,0xde7259893af7cdbc9fd806c6ba61d22d581d5667,0x19b3eb3af5d93b77a5619b047de0eed7115a19e7,22768837318,USDC,1773258983,24636453,1
"SushiSwap",0x19B3Eb3Af5D93b77a5619b047De0EED7115A19e7,0x22a52464cd4cfd49e14f9ddeeb21b359a175d5a9d8fb5b198d97f713a92ba41e,0xdbeca8fb948c42634256609bce5a3768c9b3e9eb,0x19b3eb3af5d93b77a5619b047de0eed7115a19e7,4044751401,USDC,1772567459,24579130,1
"SushiSwap",0x19B3Eb3Af5D93b77a5619b047De0EED7115A19e7,0x22a52464cd4cfd49e14f9ddeeb21b359a175d5a9d8fb5b198d97f713a92ba41e,0x5c2e112783a6854653b4bc7dc22248d3e592559c,0x19b3eb3af5d93b77a5619b047de0eed7115a19e7,1533095087,USDC,1772567459,24579130,1
"SushiSwap",0x19B3Eb3Af5D93b77a5619b047De0EED7115A19e7,0x22a52464cd4cfd49e14f9ddeeb21b359a175d5a9d8fb5b198d97f713a92ba41e,0xde7259893af7cdbc9fd806c6ba61d22d581d5667,0x19b3eb3af5d93b77a5619b047de0eed7115a19e7,23891604700,USDC,1772567459,24579130,1
"SushiSwap",0x19B3Eb3Af5D93b77a5619b047De0EED7115A19e7,0x36f8367f13d0915ad2b6e7229c7faacac8dbe6a03cc4d089a099099ba002bf3b,0x7c01aa3783577e15fd7e272443d44b92d5b21056,0x19b3eb3af5d93b77a5619b047de0eed7115a19e7,2989803717,USDC,1771575071,24496784,1
"SushiSwap",0x19B3Eb3Af5D93b77a5619b047De0EED7115A19e7,0x116ca2d078e1c248dbe6d823f8e1620554b59bbfe31a256e69f38ae756f1c7cf,0xcf8ce57fa442ba50acbc57147a62ad03873ffa73,0x19b3eb3af5d93b77a5619b047de0eed7115a19e7,17456908137,USDC,1771574891,24496769,1
"SushiSwap",0x19B3Eb3Af5D93b77a5619b047De0EED7115A19e7,0x8d32c15cf5e033a867250b30619156aec77ccca8d970a4de2e25d516175a6fe8,0xdbeca8fb948c42634256609bce5a3768c9b3e9eb,0x19b3eb3af5d93b77a5619b047de0eed7115a19e7,752829807,USDC,1771526375,24492741,1
"SushiSwap",0x19B3Eb3Af5D93b77a5619b047De0EED7115A19e7,0x8d32c15cf5e033a867250b30619156aec77ccca8d970a4de2e25d516175a6fe8,0x5c2e112783a6854653b4bc7dc22248d3e592559c,0x19b3eb3af5d93b77a5619b047de0eed7115a19e7,687244551,USDC,1771526375,24492741,1
"SushiSwap",0x19B3Eb3Af5D93b77a5619b047De0EED7115A19e7,0x8d32c15cf5e033a867250b30619156aec77ccca8d970a4de2e25d516175a6fe8,0xde7259893af7cdbc9fd806c6ba61d22d581d5667,0x19b3eb3af5d93b77a5619b047de0eed7115a19e7,5346988382,USDC,1771526375,24492741,1
"SushiSwap",0x19B3Eb3Af5D93b77a5619b047De0EED7115A19e7,0xa6d02efcebfb2caca213255e4b86f2ef05e246f47c8e245ddb10b938d710ca5e,0xdbeca8fb948c42634256609bce5a3768c9b3e9eb,0x19b3eb3af5d93b77a5619b047de0eed7115a19e7,1824108552,USDC,1770804947,24432870,1
"SushiSwap",0x19B3Eb3Af5D93b77a5619b047De0EED7115A19e7,0xa6d02efcebfb2caca213255e4b86f2ef05e246f47c8e245ddb10b938d710ca5e,0x5c2e112783a6854653b4bc7dc22248d3e592559c,0x19b3eb3af5d93b77a5619b047de0eed7115a19e7,7939754724,USDC,1770804947,24432870,1
"SushiSwap",0x19B3Eb3Af5D93b77a5619b047De0EED7115A19e7,0xa6d02efcebfb2caca213255e4b86f2ef05e246f47c8e245ddb10b938d710ca5e,0xde7259893af7cdbc9fd806c6ba61d22d581d5667,0x19b3eb3af5d93b77a5619b047de0eed7115a19e7,18613786750,USDC,1770804947,24432870,1
"Hop Protocol",0xb8901acB165ed027E32754E0FFe830802919727f,0x5a2eb111adc3d6227f1754e3e7ef6d338ea10a6087e278e67fa28acb6eacebd1,0x3ce3019a29ee1058f5efbd5fe1bac65d56224280,0xb8901acb165ed027e32754e0ffe830802919727f,11036,USDC,1704458171,18941110,1
"Hop Protocol",0xb8901acB165ed027E32754E0FFe830802919727f,0x2fd55683703e215b03e7c7ca4f742a904bcdcdd034cdfe389c393e54db7f5781,0x22737426196ffdd64b0e4a571ab515e6a5965225,0xb8901acb165ed027e32754e0ffe830802919727f,44870638,USDC,1663476599,15558162,1
"1inch Network",0x1111111254EEB25477B68fb85Ed929f73A960582,0xd3a93ad2b201dfd7f0919202a127b7d6dec3428169fbd9319b78da33632978c6,0xbbcb91440523216e2b87052a99f69c604a7b6e00,0x1111111254eeb25477b68fb85ed929f73a960582,15354548,USDC,1779970943,25193815,1
"1inch Network",0x1111111254EEB25477B68fb85Ed929f73A960582,0x0e2e3fb6c9ee2daa4fc1fefccb053f675d8b94115f6423069d3374cde8d9b8a1,0x00000000000014aa86c5d3c41765bb24e11bd701,0x1111111254eeb25477b68fb85ed929f73a960582,2676020,USDC,1779970835,25193806,1
"1inch Network",0x1111111254EEB25477B68fb85Ed929f73A960582,0xfc3e7221be3d300642c3d3094a07750c096094bae65d3c0d6da9dac903151581,0x3aa370aacf4cb08c7e1e7aa8e8ff9418d73c7e0f,0x1111111254eeb25477b68fb85ed929f73a960582,19397542,USDC,1779970823,25193805,1
"1inch Network",0x1111111254EEB25477B68fb85Ed929f73A960582,0x58c4a9a9b7a943f6314a6512895da7f452ea6a739baf8dacad437ee09074e8d6,0x00000000000014aa86c5d3c41765bb24e11bd701,0x1111111254eeb25477b68fb85ed929f73a960582,2128409,USDC,1779970799,25193803,1
"1inch Network",0x1111111254EEB25477B68fb85Ed929f73A960582,0x474d348d8e45d6c6f0eff3790fd16cf994a0e7892f4dbe99f7833bc0e8299f13,0x00000000000014aa86c5d3c41765bb24e11bd701,0x1111111254eeb25477b68fb85ed929f73a960582,14669962,USDC,1779970775,25193801,1
"1inch Network",0x1111111254EEB25477B68fb85Ed929f73A960582,0xfbcfb10eac3dc69174eee2d247c96d40052111ed825e5f0d1a82eaacd242e58b,0x6e5930d139a848e0446ff11e0d30f964eec8df76,0x1111111254eeb25477b68fb85ed929f73a960582,2362745,USDC,1779970763,25193800,1
"1inch Network",0x1111111254EEB25477B68fb85Ed929f73A960582,0x1adda0bd1df5016c2cfb2f268ad49fefce839e9371c7efb733c6b21568226ecf,0x00000000000014aa86c5d3c41765bb24e11bd701,0x1111111254eeb25477b68fb85ed929f73a960582,7819269,USDC,1779970727,25193797,1
"1inch Network",0x1111111254EEB25477B68fb85Ed929f73A960582,0x6e6b5cc567d2e49632132a52346f94d14ae2dbce77488a48d03001d1aa2d5132,0x000000000004444c5dc75cb358380d2e3de08a90,0x1111111254eeb25477b68fb85ed929f73a960582,6267743,USDC,1779970703,25193795,1
"1inch Network",0x1111111254EEB25477B68fb85Ed929f73A960582,0x2f88b05a11ec98a56011ec1b318a1ad9c489842fa856231fe41ca010392ae887,0xb4e16d0168e52d35cacd2c6185b44281ec28c9dc,0x1111111254eeb25477b68fb85ed929f73a960582,4812730,USDC,1779970667,25193792,1
"1inch Network",0x1111111254EEB25477B68fb85Ed929f73A960582,0x57cfe0e315be65ff50e416ea2d320a2234a9e1c5dbc111e098d541c9fee15e29,0xb4e16d0168e52d35cacd2c6185b44281ec28c9dc,0x1111111254eeb25477b68fb85ed929f73a960582,1511324,USDC,1779970655,25193791,1
"1inch Network",0x1111111254EEB25477B68fb85Ed929f73A960582,0x98b0ed60211cbeddc9f4b7736ba4059576a214ed9b635cd2fdbf2cd111a75a18,0xb4e16d0168e52d35cacd2c6185b44281ec28c9dc,0x1111111254eeb25477b68fb85ed929f73a960582,3638431,USDC,1779970631,25193789,1
"1inch Network",0x1111111254EEB25477B68fb85Ed929f73A960582,0xcf7290e2997a06a59259b119de8ae06bfbaea7c1ef2c5d8842099a288e71d7cc,0x20a7d7fe56be8cf271783561afa3dc7d98641e5a,0x1111111254eeb25477b68fb85ed929f73a960582,5367856,USDC,1779970571,25193784,1
"1inch Network",0x1111111254EEB25477B68fb85Ed929f73A960582,0x627ed98ba4181a8ac075a4497ba25b316eb5b0a3692d89b0dc59629cdade88c4,0x52aa899454998be5b000ad077a46bbe360f4e497,0x1111111254eeb25477b68fb85ed929f73a960582,1201612066,USDC,1779969671,25193709,1
"1inch Network",0x1111111254EEB25477B68fb85Ed929f73A960582,0xe35ca45023efec38f421d7b954819fc8cfe55058996971f83e773cf8e2d3f0ce,0x4c3ccc98c01103be72bcfd29e1d2454c98d1a6e3,0x1111111254eeb25477b68fb85ed929f73a960582,1540703536,USDC,1779969275,25193676,1
"1inch Network",0x1111111254EEB25477B68fb85Ed929f73A960582,0xf05103923059a118c8b81081f500a6ab144ae03ea9216d263bdd0fcd787ba090,0x67336cec42645f55059eff241cb02ea5cc52ff86,0x1111111254eeb25477b68fb85ed929f73a960582,56495888,USDC,1779968159,25193583,1
"1inch Network",0x1111111254EEB25477B68fb85Ed929f73A960582,0xd5e2ea1119ea56bbb79b7ddd604889f7c92827edd9ec2271b5d5d62494dc3541,0x67336cec42645f55059eff241cb02ea5cc52ff86,0x1111111254eeb25477b68fb85ed929f73a960582,92745038,USDC,1779968051,25193574,1
"1inch Network",0x1111111254EEB25477B68fb85Ed929f73A960582,0x29fe69743e986a7f1e628becd8b3a1a54fe8551d427925ebb38b0adb8a8f30f1,0xbee3211ab312a8d065c4fef0247448e17a8da000,0x1111111254eeb25477b68fb85ed929f73a960582,50190561,USDC,1779967919,25193563,1
"1inch Network",0x1111111254EEB25477B68fb85Ed929f73A960582,0x43208177962fdbfa52147c3e26588aed2c1ecb67dfb08ccffaf911f0733cfd03,0x1445f32d1a74872ba41f3d8cf4022e9996120b31,0x1111111254eeb25477b68fb85ed929f73a960582,208688281,USDC,1779966335,25193431,1
"1inch Network",0x1111111254EEB25477B68fb85Ed929f73A960582,0x56dfb8c309f868da29f9e047ffd801f3891729d4df2c4a257ad33c4dfbd54355,0x67336cec42645f55059eff241cb02ea5cc52ff86,0x1111111254eeb25477b68fb85ed929f73a960582,4544668,USDC,1779964547,25193283,1
"1inch Network",0x1111111254EEB25477B68fb85Ed929f73A960582,0xa80ed4633fa91f8d274cee0430abb433d6d3683f4d0a25948dc60f6c6010d00e,0x000000000004444c5dc75cb358380d2e3de08a90,0x1111111254eeb25477b68fb85ed929f73a960582,30518171,USDC,1779964523,25193281,1
"1inch Network",0x1111111254EEB25477B68fb85Ed929f73A960582,0xf868a55776f87bd3a8193b280f57179e7959ce05176d5f92279bd57b53d41a74,0x67336cec42645f55059eff241cb02ea5cc52ff86,0x1111111254eeb25477b68fb85ed929f73a960582,5468322,USDC,1779964415,25193272,1
"1inch Network",0x1111111254EEB25477B68fb85Ed929f73A960582,0x799c35e50a8696639778d31aa83b6f84b167140bb8db3afb57369af32dbe2d67,0x67336cec42645f55059eff241cb02ea5cc52ff86,0x1111111254eeb25477b68fb85ed929f73a960582,5088845,USDC,1779964151,25193250,1
"1inch Network",0x1111111254EEB25477B68fb85Ed929f73A960582,0x608b9e640af2159d3fda1837893e5cd741a72e85559f5dea7dfd5d91b218089c,0x52aa899454998be5b000ad077a46bbe360f4e497,0x1111111254eeb25477b68fb85ed929f73a960582,4494678835,USDC,1779963455,25193192,1
"1inch Network",0x1111111254EEB25477B68fb85Ed929f73A960582,0x1248a58e72012613b180662d2fd874df88a290f0020cba1e81d666d5f9707819,0x00000000000014aa86c5d3c41765bb24e11bd701,0x1111111254eeb25477b68fb85ed929f73a960582,118549957,USDC,1779963263,25193176,1
"1inch Network",0x1111111254EEB25477B68fb85Ed929f73A960582,0x1832f468f730cf218cfe3466f41745cb14460071829f7fce9388556c2d5a35b2,0x4c3ccc98c01103be72bcfd29e1d2454c98d1a6e3,0x1111111254eeb25477b68fb85ed929f73a960582,170614210254,USDC,1779962843,25193141,1
"1inch Network",0x1111111254EEB25477B68fb85Ed929f73A960582,0x3a4916ce4b018b6cf744461189fca52675ba5bbb4707a5a6ba496885b5b3759c,0x67336cec42645f55059eff241cb02ea5cc52ff86,0x1111111254eeb25477b68fb85ed929f73a960582,2166455,USDC,1779962447,25193108,1
"1inch Network",0x1111111254EEB25477B68fb85Ed929f73A960582,0xe13e397f4d881c5077915c85859ab6dd7d2ce2ef5c36a8393a0b0dc812f45c2f,0x00000000000014aa86c5d3c41765bb24e11bd701,0x1111111254eeb25477b68fb85ed929f73a960582,57549342,USDC,1779961427,25193023,1
"1inch Network",0x1111111254EEB25477B68fb85Ed929f73A960582,0x4cc8636cf425a169ecbd3b1cf537e9627d5ba04f7eae2d18a49cb41245f83b8d,0xbbcb91440523216e2b87052a99f69c604a7b6e00,0x1111111254eeb25477b68fb85ed929f73a960582,185025254,USDC,1779961235,25193007,1
"1inch Network",0x1111111254EEB25477B68fb85Ed929f73A960582,0x19ad0ce778ff4a3725ed0b98fb8821e25041e1f929e525b40d956c5c13ca28ac,0x00000000000014aa86c5d3c41765bb24e11bd701,0x1111111254eeb25477b68fb85ed929f73a960582,45051914,USDC,1779960779,25192969,1
"1inch Network",0x1111111254EEB25477B68fb85Ed929f73A960582,0x19ad0ce778ff4a3725ed0b98fb8821e25041e1f929e525b40d956c5c13ca28ac,0x00000000000014aa86c5d3c41765bb24e11bd701,0x1111111254eeb25477b68fb85ed929f73a960582,20255062,USDC,1779960779,25192969,1
"1inch Network",0x1111111254EEB25477B68fb85Ed929f73A960582,0xa2dfad9711ee1f47b81e2cd3400438f9d1daa5bacaf1cbefdcd99a8683109a89,0xbee3211ab312a8d065c4fef0247448e17a8da000,0x1111111254eeb25477b68fb85ed929f73a960582,60194994,USDC,1779960767,25192968,1
"1inch Network",0x1111111254EEB25477B68fb85Ed929f73A960582,0xc5b3dd3f55b973fe915cb4fc4f9cb3900a259dc20f784a35141078e9aeb63e78,0x000000000004444c5dc75cb358380d2e3de08a90,0x1111111254eeb25477b68fb85ed929f73a960582,249310730,USDC,1779960407,25192938,1
"1inch Network",0x1111111254EEB25477B68fb85Ed929f73A960582,0xdca7b09f389b089a4fa102849710871a10d42315f7d3e0098cfd5ed4890eaf6d,0x00000000000014aa86c5d3c41765bb24e11bd701,0x1111111254eeb25477b68fb85ed929f73a960582,6920149,USDC,1779956651,25192625,1
"1inch Network",0x1111111254EEB25477B68fb85Ed929f73A960582,0x5407a8a1cd75c888135c0179b6cd2018818f963f632f62ae1d389b56c681386e,0x5777d92f208679db4b9778590fa3cab3ac9e2168,0x1111111254eeb25477b68fb85ed929f73a960582,299998345,USDC,1779955139,25192499,1
"1inch Network",0x1111111254EEB25477B68fb85Ed929f73A960582,0x5c71d201e4ba92ae2491ac0588db823e039d31b36868e69b35eebff727ac8882,0x4c3ccc98c01103be72bcfd29e1d2454c98d1a6e3,0x1111111254eeb25477b68fb85ed929f73a960582,31825066315,USDC,1779954947,25192483,1
"1inch Network",0x1111111254EEB25477B68fb85Ed929f73A960582,0xe480f8e1d34ed4fd5e60391bfc5eaee090b5d3979589c98b65fdf13c9aa95f2f,0xbee3211ab312a8d065c4fef0247448e17a8da000,0x1111111254eeb25477b68fb85ed929f73a960582,54499742,USDC,1779953603,25192372,1
"1inch Network",0x1111111254EEB25477B68fb85Ed929f73A960582,0x193e41129c0b7483fe5f40064b37d09d03c1b06ca7965fc0f17f4665ba9898b5,0x67336cec42645f55059eff241cb02ea5cc52ff86,0x1111111254eeb25477b68fb85ed929f73a960582,437248367,USDC,1779953399,25192355,1
"1inch Network",0x1111111254EEB25477B68fb85Ed929f73A960582,0x193e41129c0b7483fe5f40064b37d09d03c1b06ca7965fc0f17f4665ba9898b5,0xbee3211ab312a8d065c4fef0247448e17a8da000,0x1111111254eeb25477b68fb85ed929f73a960582,23222318,USDC,1779953399,25192355,1
"1inch Network",0x1111111254EEB25477B68fb85Ed929f73A960582,0x4fe4f8b950c000cf876883d123eceefd5ce131144dd60d317d8560002f502069,0xbee3211ab312a8d065c4fef0247448e17a8da000,0x1111111254eeb25477b68fb85ed929f73a960582,20394618,USDC,1779952775,25192304,1
"1inch Network",0x1111111254EEB25477B68fb85Ed929f73A960582,0x9e0a621dc6fb1e44035da16cb8df4e6b53bb0b6520892a8d7b1e5c35452f6836,0x00000000000014aa86c5d3c41765bb24e11bd701,0x1111111254eeb25477b68fb85ed929f73a960582,8137798,USDC,1779951107,25192165,1
"1inch Network",0x1111111254EEB25477B68fb85Ed929f73A960582,0x8e50a436ef928cfefee3f4caa653078b718fc5b67c204ac3172f7a8167f0fdd3,0x000000000004444c5dc75cb358380d2e3de08a90,0x1111111254eeb25477b68fb85ed929f73a960582,9599022,USDC,1779949811,25192057,1
"1inch Network",0x1111111254EEB25477B68fb85Ed929f73A960582,0xc02318e0e267e1ee0a326056905fe2a01ac6ecededa5bb85ab24e852fa444f1a,0x4c3ccc98c01103be72bcfd29e1d2454c98d1a6e3,0x1111111254eeb25477b68fb85ed929f73a960582,988235976,USDC,1779949427,25192025,1
"1inch Network",0x1111111254EEB25477B68fb85Ed929f73A960582,0x328c7aaff106a46b7456d0332877ccffa3eafc2dc4f556bb0dcdb1272f4f711d,0x00000000000014aa86c5d3c41765bb24e11bd701,0x1111111254eeb25477b68fb85ed929f73a960582,497748384,USDC,1779948827,25191975,1
"1inch Network",0x1111111254EEB25477B68fb85Ed929f73A960582,0x3e34a2b4ef4066f5cbc7a8a207d3e73c960d09e0a40191b57b9b66cd4bfcff71,0xbee3211ab312a8d065c4fef0247448e17a8da000,0x1111111254eeb25477b68fb85ed929f73a960582,228889027,USDC,1779946835,25191809,1
"1inch Network",0x1111111254EEB25477B68fb85Ed929f73A960582,0xdaf1f504cb000678629dba694ba589918bf302822ce67db33c5ed85a24bb0e10,0xbee3211ab312a8d065c4fef0247448e17a8da000,0x1111111254eeb25477b68fb85ed929f73a960582,86446345,USDC,1779946799,25191806,1
"1inch Network",0x1111111254EEB25477B68fb85Ed929f73A960582,0xae0921004b9ebb8337ba300b7e13dbb0acb559655572f46bc80706f8a37cd24e,0xbbcb91440523216e2b87052a99f69c604a7b6e00,0x1111111254eeb25477b68fb85ed929f73a960582,128308989,USDC,1779946727,25191800,1
"1inch Network",0x1111111254EEB25477B68fb85Ed929f73A960582,0xf376688588069804d072816c149a8f32fcaeaeffb60f16fa566f51b4fd0ba6aa,0xbee3211ab312a8d065c4fef0247448e17a8da000,0x1111111254eeb25477b68fb85ed929f73a960582,393037262,USDC,1779946283,25191763,1
"1inch Network",0x1111111254EEB25477B68fb85Ed929f73A960582,0xacccb18caacaf79a5a158626dc8dab1cb3e6af6a992c0327d0b395dc63a4680f,0x4c3ccc98c01103be72bcfd29e1d2454c98d1a6e3,0x1111111254eeb25477b68fb85ed929f73a960582,10268040,USDC,1779943511,25191532,1
"1inch Network",0x1111111254EEB25477B68fb85Ed929f73A960582,0x6799c976c1f18b14f5dcfb38a99bb375b6f80fed99cf8e82ed65ae259f973b17,0xbbcb91440523216e2b87052a99f69c604a7b6e00,0x1111111254eeb25477b68fb85ed929f73a960582,21368432,USDC,1779943475,25191529,1
"1inch Network",0x1111111254EEB25477B68fb85Ed929f73A960582,0x85cdf88189e446cac5cea8a467bea1e54cf4ab821a8b31d6d7bbbb23c104c1e1,0x00000000000014aa86c5d3c41765bb24e11bd701,0x1111111254eeb25477b68fb85ed929f73a960582,7702095,USDC,1779943319,25191516,1
"1inch Network",0x1111111254EEB25477B68fb85Ed929f73A960582,0x796002a3e2d6e85f351a5693429033c2e55d885bb26889513f49bcaa499cb4d2,0x4622df6fb2d9bee0dcdacf545acdb6a2b2f4f863,0x1111111254eeb25477b68fb85ed929f73a960582,5471259,USDC,1779943199,25191506,1
"Stargate V2",0x65bb797c2B9830d891D87288F029ed8dACc19705,0x2de85e35265068b9df1a71ba34ed15232b257e7907e15360023c27985ae51981,0x18b338080a624b70d79d2548e0a39ca34d3fd5d1,0x65bb797c2b9830d891d87288f029ed8dacc19705,227,USDC,1776163079,24877484,1
"Stargate V2",0x65bb797c2B9830d891D87288F029ed8dACc19705,0xc6a56424989832747f3f987665232b5c08f5bcf0827388586b57bddc44a3e762,0x18bff1da6270a4509a29239e364eedb9202ad5d1,0x65bb797c2b9830d891d87288f029ed8dacc19705,10,USDC,1776163055,24877482,1
"Stargate V2",0x65bb797c2B9830d891D87288F029ed8dACc19705,0x19e94974505130fc9cdbe663b8b1e9b7406583c4855fd0f4a654b4e4f160818d,0x18b338080a624b70d79d2548e0a39ca34d3fd5d1,0x65bb797c2b9830d891d87288f029ed8dacc19705,227,USDC,1776162215,24877412,1
"Stargate V2",0x65bb797c2B9830d891D87288F029ed8dACc19705,0xeac83f5d05fd86dfce141a9ddcd09fd95bffd0149e03dacc0fb609c530da678e,0x18b3bf351b161e3de0d9d47efa80d9f474bdd5d1,0x65bb797c2b9830d891d87288f029ed8dacc19705,641974673060,USDC,1776162179,24877409,1
"Stargate V2",0x65bb797c2B9830d891D87288F029ed8dACc19705,0xb20b2e3ffff28f161e1f6ff07041fed50445946001dae1caa53b284ecc47e1da,0x18b338080a624b70d79d2548e0a39ca34d3fd5d1,0x65bb797c2b9830d891d87288f029ed8dacc19705,227,USDC,1776162095,24877402,1
"Stargate V2",0x65bb797c2B9830d891D87288F029ed8dACc19705,0xa002780795ee91c7009a19b98cc83ebac4a27e46aaeff694809a979f1987024a,0x18b3bf351b161e3de0d9d47efa80d9f474bdd5d1,0x65bb797c2b9830d891d87288f029ed8dacc19705,1000000,USDC,1776162059,24877399,1
"Stargate V2",0x65bb797c2B9830d891D87288F029ed8dACc19705,0x0bad5b20b2beb2dc802610460675fc278378b6fbb3d5232d227cac2a399fb03f,0x79e20d806fbfe51d820beee277645ebb43668523,0x65bb797c2b9830d891d87288f029ed8dacc19705,102,USDC,1774310159,24723639,1
"Stargate V2",0x65bb797c2B9830d891D87288F029ed8dACc19705,0x6b02ed882a38b087c8d7f12e24abc9b154264fce1103b44ef71507f043033adf,0x79e283a7442118c12e89a64749858f4710f48523,0x65bb797c2b9830d891d87288f029ed8dacc19705,1000,USDC,1774309775,24723607,1
"Stargate V2",0x65bb797c2B9830d891D87288F029ed8dACc19705,0xcfdfa4a24ff125f7e9ccf599f7fc1b1128c9e2ae4d1c12afd6ad7222b9fc9957,0x79e20d806fbfe51d820beee277645ebb43668523,0x65bb797c2b9830d891d87288f029ed8dacc19705,102,USDC,1774305995,24723293,1
"Stargate V2",0x65bb797c2B9830d891D87288F029ed8dACc19705,0x7699d695a869eecfc7025e08c81378cf3ca0d9a70fb8e3e5a5e311a45859d0d6,0x79e20d806fbfe51d820beee277645ebb43668523,0x65bb797c2b9830d891d87288f029ed8dacc19705,102,USDC,1774271051,24720397,1
"Stargate V2",0x65bb797c2B9830d891D87288F029ed8dACc19705,0xd7d430ba6f071f81e3e98c46ada6f404f3a5916a4b929ba598e3098f48b7e78f,0x79e283a7442118c12e89a64749858f4710f48523,0x65bb797c2b9830d891d87288f029ed8dacc19705,1000,USDC,1774270667,24720365,1
"Stargate V2",0x65bb797c2B9830d891D87288F029ed8dACc19705,0xc70b41bcd35c50d53c01ace274bf4bd1e448290623a0771f9fd9926005aeb3c8,0x79e20d806fbfe51d820beee277645ebb43668523,0x65bb797c2b9830d891d87288f029ed8dacc19705,102,USDC,1774267523,24720106,1
"Stargate V2",0x65bb797c2B9830d891D87288F029ed8dACc19705,0x46fe42e707807a28bc95040ccbb3dd06aab9ae36f95fe5b5e9911b288db38a02,0x79e283a7442118c12e89a64749858f4710f48523,0x65bb797c2b9830d891d87288f029ed8dacc19705,1000,USDC,1774267151,24720075,1
"Stargate V2",0x65bb797c2B9830d891D87288F029ed8dACc19705,0x2370486f27bd0f222208a41139f83c194aa1a762519b37503d53bb443f12b179,0x79e20d806fbfe51d820beee277645ebb43668523,0x65bb797c2b9830d891d87288f029ed8dacc19705,100,USDC,1774063571,24703179,1
"Stargate V2",0x65bb797c2B9830d891D87288F029ed8dACc19705,0xc9db3d25430672fd4fb33bb92f3dae9b0e436ff9acecf6974e9f6ee96c61f2c3,0x18bff1da6270a4509a29239e364eedb9202ad5d1,0x65bb797c2b9830d891d87288f029ed8dacc19705,10,USDC,1773872555,24687321,1
"Stargate V2",0x65bb797c2B9830d891D87288F029ed8dACc19705,0xa5531a9ee5cd3bc49b280dacf2c731ca7a3bd7e5f4d321246ca810e5af2ddda7,0x18b3bf351b161e3de0d9d47efa80d9f474bdd5d1,0x65bb797c2b9830d891d87288f029ed8dacc19705,102763000000,USDC,1773870767,24687176,1
"Stargate V2",0x65bb797c2B9830d891D87288F029ed8dACc19705,0x7decc29d6119c4fda4d4e0c9835b70a3949c648c2b96914f61ed363403f3f4ee,0x79e2b9c1f6c9ed1375c93aaf139e6c4537f48523,0x65bb797c2b9830d891d87288f029ed8dacc19705,18804000000,USDC,1773529763,24658912,1
"Stargate V2",0x65bb797c2B9830d891D87288F029ed8dACc19705,0xb0e9ebb56dd00a7fd524e9e3db98f46e1f4d879f8d07ef8d9215502324018910,0x79e283a7442118c12e89a64749858f4710f48523,0x65bb797c2b9830d891d87288f029ed8dacc19705,1000,USDC,1773451103,24652383,1
"Stargate V2",0x65bb797c2B9830d891D87288F029ed8dACc19705,0xb94ebd8563e6f57a0a3f9a50514ebd71a40dcc842213b76d0012b2e2c2c07920,0x79e283a7442118c12e89a64749858f4710f48523,0x65bb797c2b9830d891d87288f029ed8dacc19705,1000,USDC,1773097463,24623075,1
"Stargate V2",0x65bb797c2B9830d891D87288F029ed8dACc19705,0x98f449c050d707aed8e77815304ad5fcedbddc1b71eb27bc0e49b92baf43a5d4,0x79e283a7442118c12e89a64749858f4710f48523,0x65bb797c2b9830d891d87288f029ed8dacc19705,1000,USDC,1773047867,24618968,1
"Stargate V2",0x65bb797c2B9830d891D87288F029ed8dACc19705,0xaa876da56807929340ba77a7659deadbf65b04e603ba93ba1ded610ee630993a,0x79e283a7442118c12e89a64749858f4710f48523,0x65bb797c2b9830d891d87288f029ed8dacc19705,1000,USDC,1773009887,24615816,1
"Stargate V2",0x65bb797c2B9830d891D87288F029ed8dACc19705,0xc59ad5f4941d7aca5d29ffdb197f22992e1891c0af3c405ee5d54ae0af38ef10,0x79e283a7442118c12e89a64749858f4710f48523,0x65bb797c2b9830d891d87288f029ed8dacc19705,1000,USDC,1773008747,24615721,1
"Stargate V2",0x65bb797c2B9830d891D87288F029ed8dACc19705,0xe8fc24835f7be7f1058c2452ed866fba9fcfcb3d820b096c40ba1e8eca6fb765,0x79e8aac25f6cf0e2b05bbd20e3559e393de48523,0x65bb797c2b9830d891d87288f029ed8dacc19705,1404,USDC,1773003767,24615308,1
"Stargate V2",0x65bb797c2B9830d891D87288F029ed8dACc19705,0x594db2d5c165cbdc0c2ce6c10811440949b2adcbce6df255daa6709beaa9dd1f,0x79e2d6175168ee1f6dbcb483040a10a066f18523,0x65bb797c2b9830d891d87288f029ed8dacc19705,1000,USDC,1772793527,24597871,1
"Stargate V2",0x65bb797c2B9830d891D87288F029ed8dACc19705,0x8d64338759187679b48c0d1844cbc2c145d3c38c9b5602f2439aac332722ffbe,0x79e283a7442118c12e89a64749858f4710f48523,0x65bb797c2b9830d891d87288f029ed8dacc19705,1000,USDC,1772787995,24597414,1
"Stargate V2",0x65bb797c2B9830d891D87288F029ed8dACc19705,0x68d2c043ab4dc5ca04062984a7ad82b80bb8ef9325bfe0666bbd01c63d325a78,0xcaca41c458f48d4d7c710f2e62aee931e149a37d,0x65bb797c2b9830d891d87288f029ed8dacc19705,380473719,USDC,1772232851,24551382,1
"Stargate V2",0x65bb797c2B9830d891D87288F029ed8dACc19705,0xa40e01c7852d54d97bc54f98000a89c9da8cbb95b804bcd57f8e31dc992b88b7,0xcaca41c458f48d4d7c710f2e62aee931e149a37d,0x65bb797c2b9830d891d87288f029ed8dacc19705,7039482530,USDC,1772232563,24551358,1
"Stargate V2",0x65bb797c2B9830d891D87288F029ed8dACc19705,0x9a8a21f0cf6744919fb3e6012f0382a2434dc15b8105ccb9195d0304404995ec,0x95dd8db1c0c066eba8c37cd1c6b4c895500b20f2,0x65bb797c2b9830d891d87288f029ed8dacc19705,42367604,USDC,1772232455,24551349,1
"Stargate V2",0x65bb797c2B9830d891D87288F029ed8dACc19705,0x849dd4058f5b3239f50fd20378d6ea7a2a6410e3df33937acd483a49311fd492,0x95dd8db1c0c066eba8c37cd1c6b4c895500b20f2,0x65bb797c2b9830d891d87288f029ed8dacc19705,51892271,USDC,1772232443,24551348,1
"Stargate V2",0x65bb797c2B9830d891D87288F029ed8dACc19705,0xd364b77a66cabca97e74a5d817eec227d6ac0d919a8202f9316584284038169f,0x95dd8db1c0c066eba8c37cd1c6b4c895500b20f2,0x65bb797c2b9830d891d87288f029ed8dacc19705,56027711,USDC,1772232431,24551347,1
"Stargate V2",0x65bb797c2B9830d891D87288F029ed8dACc19705,0x9c6f3f80177b796ee9103b81b848ff6cdee4cea25a1732ce032b75063334f792,0x95dd8db1c0c066eba8c37cd1c6b4c895500b20f2,0x65bb797c2b9830d891d87288f029ed8dacc19705,100097788,USDC,1772232419,24551346,1
"Stargate V2",0x65bb797c2B9830d891D87288F029ed8dACc19705,0xf9524600e846c5064e83d416e2dd9ed286a56fa640c50e847fc472388b09ebd7,0x0736bdc975af0675b9a045384efed91360d25479,0x65bb797c2b9830d891d87288f029ed8dacc19705,247663164,USDC,1772232335,24551339,1
"Stargate V2",0x65bb797c2B9830d891D87288F029ed8dACc19705,0xe54a51844a177d741322896de5699ca349ee815c1675b6d920bd4b696d1bf2eb,0x95dd8db1c0c066eba8c37cd1c6b4c895500b20f2,0x65bb797c2b9830d891d87288f029ed8dacc19705,347508750,USDC,1772232335,24551339,1
"Stargate V2",0x65bb797c2B9830d891D87288F029ed8dACc19705,0x763f65d1f2587f06687339526d67beb7a3e988d47aaf4272c8ed51061a72e85f,0x95dd8db1c0c066eba8c37cd1c6b4c895500b20f2,0x65bb797c2b9830d891d87288f029ed8dacc19705,412956793,USDC,1772232323,24551338,1
"Stargate V2",0x65bb797c2B9830d891D87288F029ed8dACc19705,0xa8e940322c24c5a267330e5efa96134b42a31a8036450119c403955ea4e6046b,0x0736bdc975af0675b9a045384efed91360d25479,0x65bb797c2b9830d891d87288f029ed8dacc19705,987875869,USDC,1772232299,24551336,1
"Stargate V2",0x65bb797c2B9830d891D87288F029ed8dACc19705,0x120c5ffaf1dd79bea090bccadc2ee9dcbe290b760e3c151a61871eb902a21b30,0x0736bdc975af0675b9a045384efed91360d25479,0x65bb797c2b9830d891d87288f029ed8dacc19705,1541636230,USDC,1772232287,24551335,1
"Stargate V2",0x65bb797c2B9830d891D87288F029ed8dACc19705,0xb7bd9da8d8325147b688d7ad65506847143b25ad10d73c6494cba3fbac942afb,0x95dd8db1c0c066eba8c37cd1c6b4c895500b20f2,0x65bb797c2b9830d891d87288f029ed8dacc19705,1411411252,USDC,1772232239,24551331,1
"Stargate V2",0x65bb797c2B9830d891D87288F029ed8dACc19705,0xc9e5cb06ecb1feec61a8417dcf6ec81003dc217f6b8a6c7ad63325d584d444f0,0xc026395860db2d07ee33e05fe50ed7bd583189c7,0x65bb797c2b9830d891d87288f029ed8dacc19705,7778634241,USDC,1772232131,24551323,1
"Stargate V2",0x65bb797c2B9830d891D87288F029ed8dACc19705,0xc567c4d83340c00991fc5d8500f674b246dba35453067c80209e82f21754e002,0x0736bdc975af0675b9a045384efed91360d25479,0x65bb797c2b9830d891d87288f029ed8dacc19705,835830147,USDC,1772228687,24551036,1
"Stargate V2",0x65bb797c2B9830d891D87288F029ed8dACc19705,0x1318529ee5f0ddc1c46b7a4ed70533f0abc35a33336e98a669dea2db9d4cbed3,0xc026395860db2d07ee33e05fe50ed7bd583189c7,0x65bb797c2b9830d891d87288f029ed8dacc19705,567339854,USDC,1772227919,24550972,1
"Stargate V2",0x65bb797c2B9830d891D87288F029ed8dACc19705,0x51e992aee35638970ded9dc0483fe12505f2cd8f4bf0f37887794158ba20fb57,0x2e19fde6c5ac626b863b6e17bd1979bb4619d437,0x65bb797c2b9830d891d87288f029ed8dacc19705,10,USDC,1772227019,24550897,1
"Stargate V2",0x65bb797c2B9830d891D87288F029ed8dACc19705,0xf444eefd5bbb2289461442157d2f8aec8c07b8dfc4bc9c2554080350ddb9871c,0x2e1078e128e8aa6a70ec8d1b17a79fc4b457d437,0x65bb797c2b9830d891d87288f029ed8dacc19705,6027864400007,USDC,1772226851,24550883,1
"Stargate V2",0x65bb797c2B9830d891D87288F029ed8dACc19705,0x89ae12ff4e7fc4118941f7d1977dc4d93178f2b6d09d07786216bbed191b1b60,0xddb1734d908af939724435dc6c954b8383073613,0x65bb797c2b9830d891d87288f029ed8dacc19705,32100000000,USDC,1772123591,24542311,1
"Stargate V2",0x65bb797c2B9830d891D87288F029ed8dACc19705,0x5ebd138ee85455f568814ce233a8d86e3bc03354a5a7868271d6c9b658199a1c,0x2e1078e128e8aa6a70ec8d1b17a79fc4b457d437,0x65bb797c2b9830d891d87288f029ed8dacc19705,6690000000000,USDC,1768530767,24244320,1
"Stargate V2",0x65bb797c2B9830d891D87288F029ed8dACc19705,0xa910c95c95a6bd85c5ac5f9b77be8a4071bd35b4b1ae9cda20a307b346cecac8,0x2e1078e128e8aa6a70ec8d1b17a79fc4b457d437,0x65bb797c2b9830d891d87288f029ed8dacc19705,230000000000,USDC,1767985019,24199061,1
"Stargate V2",0x65bb797c2B9830d891D87288F029ed8dACc19705,0x4c309ff8cb199fd843b891a65bae3d6d799ab3c3e184ac77633052d430e6df40,0x9008d19f58aabd9ed0d60971565aa8510560ab41,0x65bb797c2b9830d891d87288f029ed8dacc19705,7170194009919,USDC,1767749471,24179532,1
"Stargate V2",0x65bb797c2B9830d891D87288F029ed8dACc19705,0xb6fcd2d27fe14ca2c38960189ef1086112d0cd8b4c12deb538c50a519a0de74d,0xc026395860db2d07ee33e05fe50ed7bd583189c7,0x65bb797c2b9830d891d87288f029ed8dacc19705,294000000000,USDC,1767742559,24178959,1
"Stargate V2",0x65bb797c2B9830d891D87288F029ed8dACc19705,0x47bfb0f0022f4c5e1b64d2988462ccaf020e8b6b3a3e5ed59499e2261eb6bb3f,0xc026395860db2d07ee33e05fe50ed7bd583189c7,0x65bb797c2b9830d891d87288f029ed8dacc19705,691000000000,USDC,1767740855,24178817,1
"Stargate V2",0x65bb797c2B9830d891D87288F029ed8dACc19705,0x165f7b1968faa966b1054694c06bec4767ab04059ffc1d1c8e9e3863c2c665ce,0x5de4ef4879f4fe3bbadf2227d2ac5d0e2d76c895,0x65bb797c2b9830d891d87288f029ed8dacc19705,84411753128,USDC,1764377879,23900890,1
"Stargate V2",0x65bb797c2B9830d891D87288F029ed8dACc19705,0x863f0365880970f2ad3d908380bd765c9e889ce4e4ca2a8be3d99851ab7ddff2,0x3211c6cbef1429da3d0d58494938299c92ad5860,0x65bb797c2b9830d891d87288f029ed8dacc19705,650520767349,USDC,1764377819,23900885,1
"Stargate V2",0x65bb797c2B9830d891D87288F029ed8dACc19705,0xcc145ae7d417ca63bc7c7691e989f86fb3da19055e6b8fc08aec96557164f193,0x3211c6cbef1429da3d0d58494938299c92ad5860,0x65bb797c2b9830d891d87288f029ed8dacc19705,894929566429,USDC,1763155223,23800073,1
"Stargate V2",0x65bb797c2B9830d891D87288F029ed8dACc19705,0xe5b3c922de37f7c14b54e550150084387a8d62eb6699d0a4892fbd58afdd240f,0xb041f628e961598af9874bcf30cc865f67fad3ee,0x65bb797c2b9830d891d87288f029ed8dacc19705,782141071675,USDC,1763152403,23799839,1
"Stargate V2",0x65bb797c2B9830d891D87288F029ed8dACc19705,0x3877c26af45828f1a842fa1a43010edf5581896018b19ca5153f36dd405ad940,0x3211c6cbef1429da3d0d58494938299c92ad5860,0x65bb797c2b9830d891d87288f029ed8dacc19705,629321762591,USDC,1763147219,23799412,1
"Stargate V2",0x65bb797c2B9830d891D87288F029ed8dACc19705,0x58a209318b50796668d350710f33f3b27a4c8f50bad959f8a24eeef8f2d17014,0x7524fe020edcd072ee98126b49fa65eb85f8c44c,0x65bb797c2b9830d891d87288f029ed8dacc19705,17425952500,USDC,1763147183,23799409,1
"Stargate V2",0x65bb797c2B9830d891D87288F029ed8dACc19705,0x0b58c0629087416ccf78dd02aa5be1fdd5ac9b71998f598fd34656746b73cdbd,0x18d29a7373f5fdf264677638d1a72a957df1dd62,0x65bb797c2b9830d891d87288f029ed8dacc19705,16015521144,USDC,1759328459,23483510,1
"Stargate V2",0x65bb797c2B9830d891D87288F029ed8dACc19705,0x0798103afc9bc5adb0ad994069e7f519b59235f3beb4f99c65090d4175e1c424,0xba12222222228d8ba445958a75a0704d566bf2c8,0x65bb797c2b9830d891d87288f029ed8dacc19705,2942195813780,USDC,1758658631,23428063,1
"Stargate V2",0x65bb797c2B9830d891D87288F029ed8dACc19705,0x772d568d13e68e74d9e6eb2eb6355e255bc9028d50020da04401236a64cb0243,0x2e1078e128e8aa6a70ec8d1b17a79fc4b457d437,0x65bb797c2b9830d891d87288f029ed8dacc19705,70000000000,USDC,1758048191,23377495,1
"Stargate V2",0x65bb797c2B9830d891D87288F029ed8dACc19705,0x734aceb013f33dad6606cc22dd9b1f7f7d28b615b9ba82e717d9b67e25eb6f0a,0x7214e1d350ba8e2b19de4f77ddd3609af06aade2,0x65bb797c2b9830d891d87288f029ed8dacc19705,5211596591757,USDC,1756686119,23264674,1
"Stargate V2",0x65bb797c2B9830d891D87288F029ed8dACc19705,0x908e658d38ca85bcbbfa0c0bc8ce3d0ae36e2b94fec2d2aa388ba02b1cdd2543,0x2e1078e128e8aa6a70ec8d1b17a79fc4b457d437,0x65bb797c2b9830d891d87288f029ed8dacc19705,1766342729516,USDC,1756686011,23264665,1
"Stargate V2",0x65bb797c2B9830d891D87288F029ed8dACc19705,0x531f309edd8b2431cb52f838afb3586429f0fa8eaa0eb879120c1347beaac3dd,0x2e1078e128e8aa6a70ec8d1b17a79fc4b457d437,0x65bb797c2b9830d891d87288f029ed8dacc19705,2043244524816,USDC,1756538531,23252432,1
"Stargate V2",0x65bb797c2B9830d891D87288F029ed8dACc19705,0x30697cad7fb8a812ea951b4fb193d6fe61be145bbb2fbd496556d36a5878894d,0x2e1078e128e8aa6a70ec8d1b17a79fc4b457d437,0x65bb797c2b9830d891d87288f029ed8dacc19705,1748140828844,USDC,1756522415,23251091,1
"Stargate V2",0x65bb797c2B9830d891D87288F029ed8dACc19705,0xfe1adda5ef1039c0d390dc79cd70569a3053e8e093db59cdd304e3bf7f4b1326,0x7214e1d350ba8e2b19de4f77ddd3609af06aade2,0x65bb797c2b9830d891d87288f029ed8dacc19705,6386604333759,USDC,1756522283,23251080,1
"Stargate V2",0x65bb797c2B9830d891D87288F029ed8dACc19705,0x4a53c3fc28f26e712d219e5c15195befb8f10f5fc26ad6a6d86ffe4d1e35b42e,0x7214e1d350ba8e2b19de4f77ddd3609af06aade2,0x65bb797c2b9830d891d87288f029ed8dacc19705,10000000,USDC,1756522223,23251075,1
"Stargate V2",0x65bb797c2B9830d891D87288F029ed8dACc19705,0x1b777921e7bd0085d4a97577940bbe7748965785705d5a4aee3252f9c782ce74,0x2e1078e128e8aa6a70ec8d1b17a79fc4b457d437,0x65bb797c2b9830d891d87288f029ed8dacc19705,4363991768928,USDC,1756521935,23251051,1
"Stargate V2",0x65bb797c2B9830d891D87288F029ed8dACc19705,0x024b9aad6fc27d31c6733cb839ec2a142a42952c0813f7b82a6936286fd36b3d,0x2e1078e128e8aa6a70ec8d1b17a79fc4b457d437,0x65bb797c2b9830d891d87288f029ed8dacc19705,10000000,USDC,1756521899,23251048,1
"Stargate V2",0x65bb797c2B9830d891D87288F029ed8dACc19705,0x4321a6f21e64be68ff79eaa075715adcc0d6c8eba8c34ba2eada4ad3cc7783af,0xee7ae85f2fe2239e27d9c1e23fffe168d63b4055,0x65bb797c2b9830d891d87288f029ed8dacc19705,999999000000,USDC,1756519535,23250851,1
"Stargate V2",0x65bb797c2B9830d891D87288F029ed8dACc19705,0x4e6faac2943941b5d4af13df0fbeb5db4fd38a1162ddf7013c004ea1879cd3ab,0x2e1078e128e8aa6a70ec8d1b17a79fc4b457d437,0x65bb797c2b9830d891d87288f029ed8dacc19705,1226446241232,USDC,1756509899,23250050,1
"Stargate V2",0x65bb797c2B9830d891D87288F029ed8dACc19705,0xaeaab160a02b4523d68bb8598d3a2ef5aaf40a69fdee0969e649f2e45626c239,0xee7ae85f2fe2239e27d9c1e23fffe168d63b4055,0x65bb797c2b9830d891d87288f029ed8dacc19705,399999000000,USDC,1756440767,23244316,1
"Stargate V2",0x65bb797c2B9830d891D87288F029ed8dACc19705,0x9868b3c6bbeda39ccc529a38d663a2040d9fb69e62effc7b701c1d94a58e3d3c,0xee7ae85f2fe2239e27d9c1e23fffe168d63b4055,0x65bb797c2b9830d891d87288f029ed8dacc19705,999999000000,USDC,1756440695,23244310,1
"Stargate V2",0x65bb797c2B9830d891D87288F029ed8dACc19705,0x667796aa215829449cfeb4edf7fa06cf0a2d28e6a1db48e9ffbb9d047fecc818,0x28a92dde19d9989f39a49905d7c9c2fac7799bdf,0x65bb797c2b9830d891d87288f029ed8dacc19705,145781981960,USDC,1756439747,23244231,1
"Stargate V2",0x65bb797c2B9830d891D87288F029ed8dACc19705,0x5cabbf310ed35e954e36f6e374c8dafd22cb104e96abdd07f55bed4dd33d064c,0xee7ae85f2fe2239e27d9c1e23fffe168d63b4055,0x65bb797c2b9830d891d87288f029ed8dacc19705,999999000000,USDC,1756439111,23244178,1
"Stargate V2",0x65bb797c2B9830d891D87288F029ed8dACc19705,0x48427e3930946aab5f7506b02fab3634aaa3743a4bcca6014957b6c64bd35351,0xee7ae85f2fe2239e27d9c1e23fffe168d63b4055,0x65bb797c2b9830d891d87288f029ed8dacc19705,999999000000,USDC,1756438715,23244145,1
"Stargate V2",0x65bb797c2B9830d891D87288F029ed8dACc19705,0x5953a89562a738ec88029d0edf092aad5595c874751183a78e9f40d8e4442ede,0x2e1078e128e8aa6a70ec8d1b17a79fc4b457d437,0x65bb797c2b9830d891d87288f029ed8dacc19705,1225578728913,USDC,1756438715,23244145,1
"Stargate V2",0x65bb797c2B9830d891D87288F029ed8dACc19705,0x06e00261e560261a17a11cc59f4d1193bbffcf1032e03e7167d6ea68d01c4389,0xee7ae85f2fe2239e27d9c1e23fffe168d63b4055,0x65bb797c2b9830d891d87288f029ed8dacc19705,11200000,USDC,1756438247,23244106,1
"Synthetix V3",0xEb3107117FEAd7de89Cd14D463D340A2E6917769,0x02b6f79ad54607fa96d8943d59d921706eb1642d3377c170cc1ee6c35cd21696,0xa5407eae9ba41422680e2e00537571bcc53efbfd,0xeb3107117fead7de89cd14d463d340a2e6917769,1996721580539,USDC,1754478779,23081653,1
"Synthetix V3",0xEb3107117FEAd7de89Cd14D463D340A2E6917769,0x693becc2f546277dad567f9b7f1513a65cf9a43f9c687aa39305b96db9471028,0xd939611c3ca425b4f6d4a82591eab3da43c2f4a0,0xeb3107117fead7de89cd14d463d340a2e6917769,12000000000,USDC,1614807635,11967784,1
"ENS DAO",0xFe89cc7aBB2C4183683ab71653C4cdc9B02D44b7,0x7f41a5b8f87de96d654e17dafcbcf4002360cf1e6b4cd3b7bdca0f1b18283093,0x4f2083f5fbede34c2714affb3105539775f7fe64,0xfe89cc7abb2c4183683ab71653c4cdc9b02d44b7,4899851322923,USDC,1776980111,24945371,1
"ENS DAO",0xFe89cc7aBB2C4183683ab71653C4cdc9B02D44b7,0x332dda89b5a70873dbfd93cc9923ed3617a1ffab7a37ad645e46e6a965cfcbb7,0x4f2083f5fbede34c2714affb3105539775f7fe64,0xfe89cc7abb2c4183683ab71653c4cdc9b02d44b7,900000000000,USDC,1774061015,24702967,1
"ENS DAO",0xFe89cc7aBB2C4183683ab71653C4cdc9B02D44b7,0x96191377d6427a30f272a3abb5be716693ee218e6dd8b1f60d8cb6acd1a395a2,0x4f2083f5fbede34c2714affb3105539775f7fe64,0xfe89cc7abb2c4183683ab71653c4cdc9b02d44b7,2500000000000,USDC,1771422515,24484121,1
"ENS DAO",0xFe89cc7aBB2C4183683ab71653C4cdc9B02D44b7,0x25f372f559b21e5e1afd378429508e01e30dbf3c5283ab6184f8d5f3e9189af8,0x62a8bec7f89263c06e0b498683273d0c96d1dd0e,0xfe89cc7abb2c4183683ab71653c4cdc9b02d44b7,100,USDC,1764390647,23901947,1
"ENS DAO",0xFe89cc7aBB2C4183683ab71653C4cdc9B02D44b7,0x8033c3f94a40089963bbc1ea5bdaf6591e99a8e7edbbbdc9a395d5d7839b6088,0x02d61347e5c6ea5604f3f814c5b5498421cebdeb,0xfe89cc7abb2c4183683ab71653c4cdc9b02d44b7,7418787176711,USDC,1749834935,22697066,1
"ENS DAO",0xFe89cc7aBB2C4183683ab71653C4cdc9B02D44b7,0x4a791106ecfb1913288f59da47f08fd22b9eaba47eff1d52f84feb8b8dc8ddf5,0x9008d19f58aabd9ed0d60971565aa8510560ab41,0xfe89cc7abb2c4183683ab71653c4cdc9b02d44b7,120793153368,USDC,1746741143,22441590,1
"ENS DAO",0xFe89cc7aBB2C4183683ab71653C4cdc9B02D44b7,0xa3a524bf8006d108fcf3480fd933659750eddc6184f46e0ce0b59ea7724f117f,0x9008d19f58aabd9ed0d60971565aa8510560ab41,0xfe89cc7abb2c4183683ab71653c4cdc9b02d44b7,114729659643,USDC,1746718979,22439767,1
"ENS DAO",0xFe89cc7aBB2C4183683ab71653C4cdc9B02D44b7,0xc19af229177ae997d65b48f30d7a975cfed345612130b7094ccd33e45d9fda63,0x9008d19f58aabd9ed0d60971565aa8510560ab41,0xfe89cc7abb2c4183683ab71653c4cdc9b02d44b7,115003206115,USDC,1742974343,22129603,1
"ENS DAO",0xFe89cc7aBB2C4183683ab71653C4cdc9B02D44b7,0x7267041aa4df28149d860933ee6e938bcb8dd21190e9992642a01a1e1ea25043,0x9008d19f58aabd9ed0d60971565aa8510560ab41,0xfe89cc7abb2c4183683ab71653c4cdc9b02d44b7,114560053659,USDC,1742886911,22122361,1
"ENS DAO",0xFe89cc7aBB2C4183683ab71653C4cdc9B02D44b7,0xc0ec6b2da86e7b48462626622f958930b07f0f72cda023dc443a7173dc1e8f66,0x9008d19f58aabd9ed0d60971565aa8510560ab41,0xfe89cc7abb2c4183683ab71653c4cdc9b02d44b7,114982200471,USDC,1742799143,22115090,1
"ENS DAO",0xFe89cc7aBB2C4183683ab71653C4cdc9B02D44b7,0xc3a872cf14613f18e46738c08910d5512f00a6813bec1fc412abf399ba1e45b3,0x9008d19f58aabd9ed0d60971565aa8510560ab41,0xfe89cc7abb2c4183683ab71653c4cdc9b02d44b7,114706873226,USDC,1742796503,22114870,1
"ENS DAO",0xFe89cc7aBB2C4183683ab71653C4cdc9B02D44b7,0x6031a0686068821bee1944b26d54afe09c94973f8ed50379892ff8373bf14f55,0x9008d19f58aabd9ed0d60971565aa8510560ab41,0xfe89cc7abb2c4183683ab71653c4cdc9b02d44b7,114593481411,USDC,1742427539,22084251,1
"ENS DAO",0xFe89cc7aBB2C4183683ab71653C4cdc9B02D44b7,0xf0fecab2ab38e35d89d53f3c9ea56f4590bc455284b6d643453044b790cf27de,0x9008d19f58aabd9ed0d60971565aa8510560ab41,0xfe89cc7abb2c4183683ab71653c4cdc9b02d44b7,114568075601,USDC,1741573067,22013435,1
"ENS DAO",0xFe89cc7aBB2C4183683ab71653C4cdc9B02D44b7,0xb96a82eff5dcf7c0e9d5a969ed5e16649add73586262402422a31f599fbe555f,0x9008d19f58aabd9ed0d60971565aa8510560ab41,0xfe89cc7abb2c4183683ab71653c4cdc9b02d44b7,121733810543,USDC,1741485155,22006152,1
"ENS DAO",0xFe89cc7aBB2C4183683ab71653C4cdc9B02D44b7,0x04eb9d95237e6bcbe104326eabca315a77b8ad2ca6fea8761e1a70106baf5274,0x9008d19f58aabd9ed0d60971565aa8510560ab41,0xfe89cc7abb2c4183683ab71653c4cdc9b02d44b7,117817723071,USDC,1741397555,21998898,1
"ENS DAO",0xFe89cc7aBB2C4183683ab71653C4cdc9B02D44b7,0x4da71f70f3db287aa900109b0238612d5ba021a9930824abd4673c7a7346111a,0x9008d19f58aabd9ed0d60971565aa8510560ab41,0xfe89cc7abb2c4183683ab71653c4cdc9b02d44b7,118886255485,USDC,1741310003,21991653,1
"ENS DAO",0xFe89cc7aBB2C4183683ab71653C4cdc9B02D44b7,0x6f48b8a3aecf11765ecf882d8cafe9aef058193c4e758f75053b160b6f7a8136,0x9008d19f58aabd9ed0d60971565aa8510560ab41,0xfe89cc7abb2c4183683ab71653c4cdc9b02d44b7,124387533039,USDC,1741222379,21984391,1
"ENS DAO",0xFe89cc7aBB2C4183683ab71653C4cdc9B02D44b7,0xd30a8106de118769eb72c3dbc0329ba683c77f6494b1a9f1a382f9c73c08b6eb,0x9008d19f58aabd9ed0d60971565aa8510560ab41,0xfe89cc7abb2c4183683ab71653c4cdc9b02d44b7,120302362629,USDC,1741134767,21977129,1
"ENS DAO",0xFe89cc7aBB2C4183683ab71653C4cdc9B02D44b7,0x6f036fa6ef37dea46a68758234bb2d3fb0401e11f290999a6c2103a0c314a8ef,0x9008d19f58aabd9ed0d60971565aa8510560ab41,0xfe89cc7abb2c4183683ab71653c4cdc9b02d44b7,119826334035,USDC,1741047143,21969862,1
"ENS DAO",0xFe89cc7aBB2C4183683ab71653C4cdc9B02D44b7,0x3b6aa8a2e0564338b85613b0a20dec31e0ef030f71e7a62000c5f124dae617ad,0x9008d19f58aabd9ed0d60971565aa8510560ab41,0xfe89cc7abb2c4183683ab71653c4cdc9b02d44b7,139727502771,USDC,1740959543,21962597,1
"ENS DAO",0xFe89cc7aBB2C4183683ab71653C4cdc9B02D44b7,0x5b84e17e74ecc467a7da5f9225037ca984d3809d6848922dd6b345aad6f7d806,0x9008d19f58aabd9ed0d60971565aa8510560ab41,0xfe89cc7abb2c4183683ab71653c4cdc9b02d44b7,122537483011,USDC,1740871979,21955328,1
"ENS DAO",0xFe89cc7aBB2C4183683ab71653C4cdc9B02D44b7,0xc49e38fe15a1a59b103e33028763e65b6d2845bca997bdcb52aaf1e159e31239,0x9008d19f58aabd9ed0d60971565aa8510560ab41,0xfe89cc7abb2c4183683ab71653c4cdc9b02d44b7,123040918188,USDC,1740784427,21948060,1
"ENS DAO",0xFe89cc7aBB2C4183683ab71653C4cdc9B02D44b7,0x892c9cbc50dd805129c2a39530933c3cb46522738bf00a00ab3ec60e198bc23d,0x9008d19f58aabd9ed0d60971565aa8510560ab41,0xfe89cc7abb2c4183683ab71653c4cdc9b02d44b7,126641531044,USDC,1740696743,21940782,1
"ENS DAO",0xFe89cc7aBB2C4183683ab71653C4cdc9B02D44b7,0xd1f96fe79420c80d1b03ce56abbd60d3c52dca7ed000f48bda39b6e1690bb492,0x9008d19f58aabd9ed0d60971565aa8510560ab41,0xfe89cc7abb2c4183683ab71653c4cdc9b02d44b7,130576167952,USDC,1740609143,21933514,1
"ENS DAO",0xFe89cc7aBB2C4183683ab71653C4cdc9B02D44b7,0xe0802736d0ca53606de9bf0616b82c7b40948a066f3678cdb5df7b8b4e182e80,0x9008d19f58aabd9ed0d60971565aa8510560ab41,0xfe89cc7abb2c4183683ab71653c4cdc9b02d44b7,139796616920,USDC,1740521735,21926264,1
"ENS DAO",0xFe89cc7aBB2C4183683ab71653C4cdc9B02D44b7,0x39a95243680518833f0c551205103917eb07c0aa168a35c5479e69b9785f907b,0x9008d19f58aabd9ed0d60971565aa8510560ab41,0xfe89cc7abb2c4183683ab71653c4cdc9b02d44b7,146626689162,USDC,1740433943,21918985,1
"ENS DAO",0xFe89cc7aBB2C4183683ab71653C4cdc9B02D44b7,0x75e397ee041d1cf3b4f7c02c28f9a04e406f3999fcae9b7399c64c348062cb50,0x9008d19f58aabd9ed0d60971565aa8510560ab41,0xfe89cc7abb2c4183683ab71653c4cdc9b02d44b7,155769059078,USDC,1740346343,21911729,1
"ENS DAO",0xFe89cc7aBB2C4183683ab71653C4cdc9B02D44b7,0xeac106935d70fcf502603a26f3a655ba24878bfcaf2ffdb4b2056cf0f3e20c60,0x9008d19f58aabd9ed0d60971565aa8510560ab41,0xfe89cc7abb2c4183683ab71653c4cdc9b02d44b7,154136864724,USDC,1740258743,21904477,1
"ENS DAO",0xFe89cc7aBB2C4183683ab71653C4cdc9B02D44b7,0xaf08dd712d32db4489d38c120f939a5ba96b3dbe0194df25b8b8e77742957fcb,0x9008d19f58aabd9ed0d60971565aa8510560ab41,0xfe89cc7abb2c4183683ab71653c4cdc9b02d44b7,146306226611,USDC,1740171167,21897224,1
"ENS DAO",0xFe89cc7aBB2C4183683ab71653C4cdc9B02D44b7,0x7709c14c1e3552cc7cc745729a85d9d2907d7289ee3383f30c6a55572985af23,0x9008d19f58aabd9ed0d60971565aa8510560ab41,0xfe89cc7abb2c4183683ab71653c4cdc9b02d44b7,153074812520,USDC,1740083555,21889969,1
"ENS DAO",0xFe89cc7aBB2C4183683ab71653C4cdc9B02D44b7,0x91deec5a8e440b403c380623937bce7bf0f0b5669abb98843029cf2e389c84ea,0x9008d19f58aabd9ed0d60971565aa8510560ab41,0xfe89cc7abb2c4183683ab71653c4cdc9b02d44b7,151096338368,USDC,1739995943,21882723,1
"ENS DAO",0xFe89cc7aBB2C4183683ab71653C4cdc9B02D44b7,0x59a560c677027ae97378cec2244f75cde2d7dcf644609f8fb2ddbc88fb6e3d57,0x9008d19f58aabd9ed0d60971565aa8510560ab41,0xfe89cc7abb2c4183683ab71653c4cdc9b02d44b7,146624982011,USDC,1739908355,21875469,1
"ENS DAO",0xFe89cc7aBB2C4183683ab71653C4cdc9B02D44b7,0x7766581e4b847f308e4f0032cf03ad8b493dc75623ca0928da6a37979967838f,0x9008d19f58aabd9ed0d60971565aa8510560ab41,0xfe89cc7abb2c4183683ab71653c4cdc9b02d44b7,150424212032,USDC,1739820743,21868205,1
"ENS DAO",0xFe89cc7aBB2C4183683ab71653C4cdc9B02D44b7,0x21c31bd09465f945f1c37a8cba057ac71d0551bf36b698e7f8d94e17de5a1927,0x9008d19f58aabd9ed0d60971565aa8510560ab41,0xfe89cc7abb2c4183683ab71653c4cdc9b02d44b7,148570150326,USDC,1739733155,21860964,1
"ENS DAO",0xFe89cc7aBB2C4183683ab71653C4cdc9B02D44b7,0xb3b5f36ac4517c66b7e58357a19ff49f364102b1cfbe73881b5e740ad54aaed1,0x9008d19f58aabd9ed0d60971565aa8510560ab41,0xfe89cc7abb2c4183683ab71653c4cdc9b02d44b7,150123002719,USDC,1739645567,21853732,1
"ENS DAO",0xFe89cc7aBB2C4183683ab71653C4cdc9B02D44b7,0xbda2683ed45cb05bf5af5e79211af15e6b3a3f99b8b080b122b30e71a160252f,0x9008d19f58aabd9ed0d60971565aa8510560ab41,0xfe89cc7abb2c4183683ab71653c4cdc9b02d44b7,153941041446,USDC,1739557943,21846504,1
"ENS DAO",0xFe89cc7aBB2C4183683ab71653C4cdc9B02D44b7,0x53665d90e21a40a66417ce327400d47399ad1853335a16cfaac0796110e1b647,0x9008d19f58aabd9ed0d60971565aa8510560ab41,0xfe89cc7abb2c4183683ab71653c4cdc9b02d44b7,145536204861,USDC,1739470343,21839266,1
"ENS DAO",0xFe89cc7aBB2C4183683ab71653C4cdc9B02D44b7,0xf235b546ac5518fb921bc46943af6e125ba5b53394bff42a5ec309860144a223,0x9008d19f58aabd9ed0d60971565aa8510560ab41,0xfe89cc7abb2c4183683ab71653c4cdc9b02d44b7,148414278697,USDC,1739382743,21832015,1
"ENS DAO",0xFe89cc7aBB2C4183683ab71653C4cdc9B02D44b7,0x20b5245795fce8ce7c8d7971ae88bf6bea80290936494d7211b28b3dda55ef08,0x9008d19f58aabd9ed0d60971565aa8510560ab41,0xfe89cc7abb2c4183683ab71653c4cdc9b02d44b7,147017751121,USDC,1739295155,21824791,1
"ENS DAO",0xFe89cc7aBB2C4183683ab71653C4cdc9B02D44b7,0x100ee3415ab867ae16c50760547e975349d60b2cf961710b2e87603367852348,0x9008d19f58aabd9ed0d60971565aa8510560ab41,0xfe89cc7abb2c4183683ab71653c4cdc9b02d44b7,147665452678,USDC,1739207543,21817531,1
"ENS DAO",0xFe89cc7aBB2C4183683ab71653C4cdc9B02D44b7,0x13b4b5d0c5539c745865e96c0954026ea1019d8c66b440c6e7995a8a37676d33,0x9008d19f58aabd9ed0d60971565aa8510560ab41,0xfe89cc7abb2c4183683ab71653c4cdc9b02d44b7,147730054573,USDC,1739119955,21810275,1
"ENS DAO",0xFe89cc7aBB2C4183683ab71653C4cdc9B02D44b7,0xfff14f3f92d4bfdf696871b2fb1f38852e4ccee9bc39d623dcf4ffc12a6b7aeb,0x9008d19f58aabd9ed0d60971565aa8510560ab41,0xfe89cc7abb2c4183683ab71653c4cdc9b02d44b7,144591112507,USDC,1739032355,21803009,1
"ENS DAO",0xFe89cc7aBB2C4183683ab71653C4cdc9B02D44b7,0x2e56df7126f7c936a89a097fd6702310fd678384d2c30dd0dcf2e9ebee45c515,0x9008d19f58aabd9ed0d60971565aa8510560ab41,0xfe89cc7abb2c4183683ab71653c4cdc9b02d44b7,150751507565,USDC,1738944743,21795746,1
"ENS DAO",0xFe89cc7aBB2C4183683ab71653C4cdc9B02D44b7,0xd8c7c241251ae16b04d480120a49f524990e9ce0336e5fe64c96b03d101b2adb,0x02d61347e5c6ea5604f3f814c5b5498421cebdeb,0xfe89cc7abb2c4183683ab71653c4cdc9b02d44b7,2787383516706,USDC,1738940315,21795378,1
"ENS DAO",0xFe89cc7aBB2C4183683ab71653C4cdc9B02D44b7,0x7395e8efa432c067e161dbb5d7baebb1f666f83c6fc0ea1814405efd7f0ec39a,0x02d61347e5c6ea5604f3f814c5b5498421cebdeb,0xfe89cc7abb2c4183683ab71653c4cdc9b02d44b7,276439570,USDC,1738938707,21795245,1
